ISO-10303-21;
HEADER;
/* Generated by software containing ST-Developer
 * from STEP Tools, Inc. (www.steptools.com) 
 */
/* OPTION: using custom renumber hook */

FILE_DESCRIPTION(
/* description */ ('STEP AP242',
'CAx-IF Rec.Pracs.---Representation and Presentation of Product Manufa
cturing Information (PMI)---4.0---2014-10-13',
'CAx-IF Rec.Pracs.---3D Tessellated Geometry---0.4---2014-09-14','2;1'),

/* implementation_level */ '2;1');

FILE_NAME(
/* name */ '68c4ce9e063e05775ad15052',
/* time_stamp */ '2025-09-13T01:53:35Z',
/* author */ (''),
/* organization */ (''),
/* preprocessor_version */ 'ST-DEVELOPER v20',
/* originating_system */ 'ONSHAPE BY PTC INC, 1.203',
/* authorisation */ '  ');

FILE_SCHEMA (('AP242_MANAGED_MODEL_BASED_3D_ENGINEERING_MIM_LF { 1 0 10303 442 1 1 4 }'));
ENDSEC;

DATA;
#10=SHAPE_REPRESENTATION_RELATIONSHIP('','',#1582,#11);
#11=ADVANCED_BREP_SHAPE_REPRESENTATION('',(#1580),#3361);
#12=(
BOUNDED_SURFACE()
B_SPLINE_SURFACE(1,2,((#2662,#2663,#2664,#2665,#2666,#2667,#2668,#2669,
#2670,#2671,#2672,#2673,#2674,#2675,#2676,#2677,#2678,#2679,#2680,#2681,
#2682,#2683,#2684,#2685,#2686,#2687,#2688,#2689,#2690,#2691,#2692,#2693,
#2694,#2695,#2696,#2697,#2698,#2699,#2700,#2701,#2702,#2703,#2704,#2705,
#2706,#2707,#2708,#2709,#2710,#2711,#2712,#2713,#2714,#2715,#2716,#2717,
#2718,#2719,#2720),(#2721,#2722,#2723,#2724,#2725,#2726,#2727,#2728,#2729,
#2730,#2731,#2732,#2733,#2734,#2735,#2736,#2737,#2738,#2739,#2740,#2741,
#2742,#2743,#2744,#2745,#2746,#2747,#2748,#2749,#2750,#2751,#2752,#2753,
#2754,#2755,#2756,#2757,#2758,#2759,#2760,#2761,#2762,#2763,#2764,#2765,
#2766,#2767,#2768,#2769,#2770,#2771,#2772,#2773,#2774,#2775,#2776,#2777,
#2778,#2779)),.UNSPECIFIED.,.F.,.F.,.F.)
B_SPLINE_SURFACE_WITH_KNOTS((2,2),(3,2,2,2,2,2,2,2,2,2,2,2,2,2,2,2,2,2,
2,2,2,2,2,2,2,2,2,2,2,3),(0.,1.),(0.0864945418288404,0.0952380952380952,
0.119047619047619,0.142857142857143,0.166666666666667,0.19047619047619,
0.214285714285714,0.238095238095238,0.261904761904762,0.285714285714286,
0.309523809523809,0.333333333333334,0.357142857142857,0.380952380952381,
0.404761904761905,0.428571428571428,0.452380952380952,0.476190476190476,
0.5,0.523809523809524,0.547619047619048,0.571428571428571,0.595238095238095,
0.619047619047619,0.642857142857143,0.666666666666667,0.690476190476191,
0.714285714285714,0.738095238095238,0.744245868725455),
 .PIECEWISE_BEZIER_KNOTS.)
GEOMETRIC_REPRESENTATION_ITEM()
RATIONAL_B_SPLINE_SURFACE(((0.93773613004826,0.950800610425248,1.,0.866025403784439,
1.,0.866025403784439,1.,0.866025403784439,1.,0.866025403784439,1.,0.866025403784439,
1.,0.866025403784439,1.,0.866025403784439,1.,0.866025403784439,1.,0.866025403784439,
1.,0.866025403784439,1.,0.866025403784439,1.,0.866025403784439,1.,0.866025403784439,
1.,0.866025403784439,1.,0.866025403784439,1.,0.866025403784439,1.,0.866025403784439,
1.,0.866025403784439,1.,0.866025403784439,1.,0.866025403784439,1.,0.866025403784439,
1.,0.866025403784439,1.,0.866025403784439,1.,0.866025403784439,1.,0.866025403784439,
1.,0.866025403784439,1.,0.866025403784439,1.,0.965390813283514,0.948662565775076),
(0.93773613004826,0.950800610425248,1.,0.866025403784439,1.,0.866025403784439,
1.,0.866025403784439,1.,0.866025403784439,1.,0.866025403784439,1.,0.866025403784439,
1.,0.866025403784439,1.,0.866025403784439,1.,0.866025403784439,1.,0.866025403784439,
1.,0.866025403784439,1.,0.866025403784439,1.,0.866025403784439,1.,0.866025403784439,
1.,0.866025403784439,1.,0.866025403784439,1.,0.866025403784439,1.,0.866025403784439,
1.,0.866025403784439,1.,0.866025403784439,1.,0.866025403784439,1.,0.866025403784439,
1.,0.866025403784439,1.,0.866025403784439,1.,0.866025403784439,1.,0.866025403784439,
1.,0.866025403784439,1.,0.965390813283514,0.948662565775076)))
REPRESENTATION_ITEM('')
SURFACE()
);
#13=(
BOUNDED_SURFACE()
B_SPLINE_SURFACE(1,2,((#2961,#2962,#2963,#2964,#2965,#2966,#2967,#2968,
#2969,#2970,#2971,#2972,#2973,#2974,#2975,#2976,#2977,#2978,#2979,#2980,
#2981,#2982,#2983,#2984,#2985,#2986,#2987,#2988,#2989,#2990,#2991,#2992,
#2993,#2994,#2995,#2996,#2997,#2998,#2999,#3000,#3001,#3002,#3003,#3004,
#3005,#3006,#3007,#3008,#3009,#3010,#3011,#3012,#3013,#3014,#3015,#3016,
#3017),(#3018,#3019,#3020,#3021,#3022,#3023,#3024,#3025,#3026,#3027,#3028,
#3029,#3030,#3031,#3032,#3033,#3034,#3035,#3036,#3037,#3038,#3039,#3040,
#3041,#3042,#3043,#3044,#3045,#3046,#3047,#3048,#3049,#3050,#3051,#3052,
#3053,#3054,#3055,#3056,#3057,#3058,#3059,#3060,#3061,#3062,#3063,#3064,
#3065,#3066,#3067,#3068,#3069,#3070,#3071,#3072,#3073,#3074)),
 .UNSPECIFIED.,.F.,.F.,.F.)
B_SPLINE_SURFACE_WITH_KNOTS((2,2),(3,2,2,2,2,2,2,2,2,2,2,2,2,2,2,2,2,2,
2,2,2,2,2,2,2,2,2,2,3),(0.,1.),(0.00656561651623288,0.0238095238095238,
0.0476190476190476,0.0714285714285714,0.0952380952380952,0.119047619047619,
0.142857142857143,0.166666666666667,0.19047619047619,0.214285714285714,
0.238095238095238,0.261904761904762,0.285714285714286,0.309523809523809,
0.333333333333334,0.357142857142857,0.380952380952381,0.404761904761905,
0.428571428571428,0.452380952380952,0.476190476190476,0.5,0.523809523809524,
0.547619047619048,0.571428571428571,0.595238095238095,0.619047619047619,
0.642857142857143,0.663374155798629),.PIECEWISE_BEZIER_KNOTS.)
GEOMETRIC_REPRESENTATION_ITEM()
RATIONAL_B_SPLINE_SURFACE(((0.946486639362865,0.902969688294517,1.,0.866025403784439,
1.,0.866025403784439,1.,0.866025403784439,1.,0.866025403784439,1.,0.866025403784439,
1.,0.866025403784439,1.,0.866025403784439,1.,0.866025403784439,1.,0.866025403784439,
1.,0.866025403784439,1.,0.866025403784439,1.,0.866025403784439,1.,0.866025403784439,
1.,0.866025403784439,1.,0.866025403784439,1.,0.866025403784439,1.,0.866025403784439,
1.,0.866025403784439,1.,0.866025403784439,1.,0.866025403784439,1.,0.866025403784439,
1.,0.866025403784439,1.,0.866025403784439,1.,0.866025403784439,1.,0.866025403784439,
1.,0.866025403784439,1.,0.884552141975831,0.968070480512151),(0.946486639362865,
0.902969688294517,1.,0.866025403784439,1.,0.866025403784439,1.,0.866025403784439,
1.,0.866025403784439,1.,0.866025403784439,1.,0.866025403784439,1.,0.866025403784439,
1.,0.866025403784439,1.,0.866025403784439,1.,0.866025403784439,1.,0.866025403784439,
1.,0.866025403784439,1.,0.866025403784439,1.,0.866025403784439,1.,0.866025403784439,
1.,0.866025403784439,1.,0.866025403784439,1.,0.866025403784439,1.,0.866025403784439,
1.,0.866025403784439,1.,0.866025403784439,1.,0.866025403784439,1.,0.866025403784439,
1.,0.866025403784439,1.,0.866025403784439,1.,0.866025403784439,1.,0.884552141975831,
0.968070480512151)))
REPRESENTATION_ITEM('')
SURFACE()
);
#14=(
BOUNDED_CURVE()
B_SPLINE_CURVE(2,(#2492,#2493,#2494,#2495,#2496,#2497,#2498,#2499,#2500,
#2501,#2502,#2503,#2504,#2505,#2506,#2507,#2508,#2509,#2510,#2511,#2512,
#2513,#2514,#2515,#2516,#2517,#2518,#2519,#2520,#2521,#2522,#2523,#2524,
#2525,#2526,#2527,#2528,#2529,#2530,#2531,#2532,#2533,#2534,#2535,#2536,
#2537,#2538,#2539,#2540,#2541,#2542,#2543,#2544,#2545,#2546,#2547,#2548,
#2549,#2550,#2551,#2552,#2553,#2554,#2555,#2556,#2557,#2558,#2559,#2560,
#2561,#2562,#2563,#2564,#2565,#2566,#2567,#2568,#2569,#2570,#2571,#2572,
#2573,#2574,#2575,#2576),.UNSPECIFIED.,.F.,.F.)
B_SPLINE_CURVE_WITH_KNOTS((3,2,2,2,2,2,2,2,2,2,2,2,2,2,2,2,2,2,2,2,2,2,
2,2,2,2,2,2,2,2,2,2,2,2,2,2,2,2,2,2,2,2,3),(0.,0.0238095238095238,0.0476190476190476,
0.0714285714285714,0.0952380952380952,0.119047619047619,0.142857142857143,
0.166666666666667,0.19047619047619,0.214285714285714,0.238095238095238,
0.261904761904762,0.285714285714286,0.309523809523809,0.333333333333334,
0.357142857142857,0.380952380952381,0.404761904761905,0.428571428571428,
0.452380952380952,0.476190476190476,0.5,0.523809523809524,0.547619047619048,
0.571428571428571,0.595238095238095,0.619047619047619,0.642857142857143,
0.666666666666667,0.690476190476191,0.714285714285714,0.738095238095238,
0.761904761904762,0.785714285714286,0.80952380952381,0.833333333333333,
0.857142857142857,0.880952380952381,0.904761904761905,0.928571428571429,
0.952380952380952,0.976190476190476,1.),.UNSPECIFIED.)
CURVE()
GEOMETRIC_REPRESENTATION_ITEM()
RATIONAL_B_SPLINE_CURVE((1.,0.866025403784439,1.,0.866025403784439,1.,0.866025403784439,
1.,0.866025403784439,1.,0.866025403784439,1.,0.866025403784439,1.,0.866025403784439,
1.,0.866025403784439,1.,0.866025403784439,1.,0.866025403784439,1.,0.866025403784439,
1.,0.866025403784439,1.,0.866025403784439,1.,0.866025403784439,1.,0.866025403784439,
1.,0.866025403784439,1.,0.866025403784439,1.,0.866025403784439,1.,0.866025403784439,
1.,0.866025403784439,1.,0.866025403784439,1.,0.866025403784439,1.,0.866025403784439,
1.,0.866025403784439,1.,0.866025403784439,1.,0.866025403784439,1.,0.866025403784439,
1.,0.866025403784439,1.,0.866025403784439,1.,0.866025403784439,1.,0.866025403784439,
1.,0.866025403784439,1.,0.866025403784439,1.,0.866025403784439,1.,0.866025403784439,
1.,0.866025403784439,1.,0.866025403784439,1.,0.866025403784439,1.,0.866025403784439,
1.,0.866025403784439,1.,0.866025403784439,1.,0.866025403784439,1.))
REPRESENTATION_ITEM('')
);
#15=(
BOUNDED_CURVE()
B_SPLINE_CURVE(2,(#2577,#2578,#2579,#2580,#2581,#2582,#2583,#2584,#2585,
#2586,#2587,#2588,#2589,#2590,#2591,#2592,#2593,#2594,#2595,#2596,#2597,
#2598,#2599,#2600,#2601,#2602,#2603,#2604,#2605,#2606,#2607,#2608,#2609,
#2610,#2611,#2612,#2613,#2614,#2615,#2616,#2617,#2618,#2619,#2620,#2621,
#2622,#2623,#2624,#2625,#2626,#2627,#2628,#2629,#2630,#2631,#2632,#2633,
#2634,#2635,#2636,#2637,#2638,#2639,#2640,#2641,#2642,#2643,#2644,#2645,
#2646,#2647,#2648,#2649,#2650,#2651,#2652,#2653,#2654,#2655,#2656,#2657,
#2658,#2659,#2660,#2661),.UNSPECIFIED.,.F.,.F.)
B_SPLINE_CURVE_WITH_KNOTS((3,2,2,2,2,2,2,2,2,2,2,2,2,2,2,2,2,2,2,2,2,2,
2,2,2,2,2,2,2,2,2,2,2,2,2,2,2,2,2,2,2,2,3),(0.,0.0238095238095238,0.0476190476190476,
0.0714285714285714,0.0952380952380952,0.119047619047619,0.142857142857143,
0.166666666666667,0.19047619047619,0.214285714285714,0.238095238095238,
0.261904761904762,0.285714285714286,0.309523809523809,0.333333333333334,
0.357142857142857,0.380952380952381,0.404761904761905,0.428571428571428,
0.452380952380952,0.476190476190476,0.5,0.523809523809524,0.547619047619048,
0.571428571428571,0.595238095238095,0.619047619047619,0.642857142857143,
0.666666666666667,0.690476190476191,0.714285714285714,0.738095238095238,
0.761904761904762,0.785714285714286,0.80952380952381,0.833333333333333,
0.857142857142857,0.880952380952381,0.904761904761905,0.928571428571429,
0.952380952380952,0.976190476190476,1.),.UNSPECIFIED.)
CURVE()
GEOMETRIC_REPRESENTATION_ITEM()
RATIONAL_B_SPLINE_CURVE((1.,0.866025403784439,1.,0.866025403784439,1.,0.866025403784439,
1.,0.866025403784439,1.,0.866025403784439,1.,0.866025403784439,1.,0.866025403784439,
1.,0.866025403784439,1.,0.866025403784439,1.,0.866025403784439,1.,0.866025403784439,
1.,0.866025403784439,1.,0.866025403784439,1.,0.866025403784439,1.,0.866025403784439,
1.,0.866025403784439,1.,0.866025403784439,1.,0.866025403784439,1.,0.866025403784439,
1.,0.866025403784439,1.,0.866025403784439,1.,0.866025403784439,1.,0.866025403784439,
1.,0.866025403784439,1.,0.866025403784439,1.,0.866025403784439,1.,0.866025403784439,
1.,0.866025403784439,1.,0.866025403784439,1.,0.866025403784439,1.,0.866025403784439,
1.,0.866025403784439,1.,0.866025403784439,1.,0.866025403784439,1.,0.866025403784439,
1.,0.866025403784439,1.,0.866025403784439,1.,0.866025403784439,1.,0.866025403784439,
1.,0.866025403784439,1.,0.866025403784439,1.,0.866025403784439,1.))
REPRESENTATION_ITEM('')
);
#16=(
BOUNDED_CURVE()
B_SPLINE_CURVE(2,(#2780,#2781,#2782,#2783,#2784,#2785,#2786,#2787,#2788,
#2789,#2790,#2791,#2792,#2793,#2794,#2795,#2796,#2797,#2798,#2799,#2800,
#2801,#2802,#2803,#2804,#2805,#2806,#2807,#2808,#2809,#2810,#2811,#2812,
#2813,#2814,#2815,#2816,#2817,#2818,#2819,#2820,#2821,#2822,#2823,#2824,
#2825,#2826,#2827,#2828,#2829,#2830,#2831,#2832,#2833,#2834,#2835,#2836,
#2837,#2838,#2839,#2840,#2841,#2842,#2843,#2844,#2845,#2846,#2847,#2848,
#2849,#2850,#2851,#2852,#2853,#2854,#2855,#2856,#2857,#2858,#2859,#2860,
#2861,#2862,#2863,#2864),.UNSPECIFIED.,.F.,.F.)
B_SPLINE_CURVE_WITH_KNOTS((3,2,2,2,2,2,2,2,2,2,2,2,2,2,2,2,2,2,2,2,2,2,
2,2,2,2,2,2,2,2,2,2,2,2,2,2,2,2,2,2,2,2,3),(0.,0.0238095238095238,0.0476190476190476,
0.0714285714285714,0.0952380952380952,0.119047619047619,0.142857142857143,
0.166666666666667,0.19047619047619,0.214285714285714,0.238095238095238,
0.261904761904762,0.285714285714286,0.309523809523809,0.333333333333334,
0.357142857142857,0.380952380952381,0.404761904761905,0.428571428571428,
0.452380952380952,0.476190476190476,0.5,0.523809523809524,0.547619047619048,
0.571428571428571,0.595238095238095,0.619047619047619,0.642857142857143,
0.666666666666667,0.690476190476191,0.714285714285714,0.738095238095238,
0.761904761904762,0.785714285714286,0.80952380952381,0.833333333333333,
0.857142857142857,0.880952380952381,0.904761904761905,0.928571428571429,
0.952380952380952,0.976190476190476,1.),.UNSPECIFIED.)
CURVE()
GEOMETRIC_REPRESENTATION_ITEM()
RATIONAL_B_SPLINE_CURVE((1.,0.866025403784439,1.,0.866025403784439,1.,0.866025403784439,
1.,0.866025403784439,1.,0.866025403784439,1.,0.866025403784439,1.,0.866025403784439,
1.,0.866025403784439,1.,0.866025403784439,1.,0.866025403784439,1.,0.866025403784439,
1.,0.866025403784439,1.,0.866025403784439,1.,0.866025403784439,1.,0.866025403784439,
1.,0.866025403784439,1.,0.866025403784439,1.,0.866025403784439,1.,0.866025403784439,
1.,0.866025403784439,1.,0.866025403784439,1.,0.866025403784439,1.,0.866025403784439,
1.,0.866025403784439,1.,0.866025403784439,1.,0.866025403784439,1.,0.866025403784439,
1.,0.866025403784439,1.,0.866025403784439,1.,0.866025403784439,1.,0.866025403784439,
1.,0.866025403784439,1.,0.866025403784439,1.,0.866025403784439,1.,0.866025403784439,
1.,0.866025403784439,1.,0.866025403784439,1.,0.866025403784439,1.,0.866025403784439,
1.,0.866025403784439,1.,0.866025403784439,1.,0.866025403784439,1.))
REPRESENTATION_ITEM('')
);
#17=(
BOUNDED_CURVE()
B_SPLINE_CURVE(2,(#2874,#2875,#2876,#2877,#2878,#2879,#2880,#2881,#2882,
#2883,#2884,#2885,#2886,#2887,#2888,#2889,#2890,#2891,#2892,#2893,#2894,
#2895,#2896,#2897,#2898,#2899,#2900,#2901,#2902,#2903,#2904,#2905,#2906,
#2907,#2908,#2909,#2910,#2911,#2912,#2913,#2914,#2915,#2916,#2917,#2918,
#2919,#2920,#2921,#2922,#2923,#2924,#2925,#2926,#2927,#2928,#2929,#2930,
#2931,#2932,#2933,#2934,#2935,#2936,#2937,#2938,#2939,#2940,#2941,#2942,
#2943,#2944,#2945,#2946,#2947,#2948,#2949,#2950,#2951,#2952,#2953,#2954,
#2955,#2956,#2957,#2958),.UNSPECIFIED.,.F.,.F.)
B_SPLINE_CURVE_WITH_KNOTS((3,2,2,2,2,2,2,2,2,2,2,2,2,2,2,2,2,2,2,2,2,2,
2,2,2,2,2,2,2,2,2,2,2,2,2,2,2,2,2,2,2,2,3),(0.,0.0238095238095238,0.0476190476190476,
0.0714285714285714,0.0952380952380952,0.119047619047619,0.142857142857143,
0.166666666666667,0.19047619047619,0.214285714285714,0.238095238095238,
0.261904761904762,0.285714285714286,0.309523809523809,0.333333333333334,
0.357142857142857,0.380952380952381,0.404761904761905,0.428571428571428,
0.452380952380952,0.476190476190476,0.5,0.523809523809524,0.547619047619048,
0.571428571428571,0.595238095238095,0.619047619047619,0.642857142857143,
0.666666666666667,0.690476190476191,0.714285714285714,0.738095238095238,
0.761904761904762,0.785714285714286,0.80952380952381,0.833333333333333,
0.857142857142857,0.880952380952381,0.904761904761905,0.928571428571429,
0.952380952380952,0.976190476190476,1.),.UNSPECIFIED.)
CURVE()
GEOMETRIC_REPRESENTATION_ITEM()
RATIONAL_B_SPLINE_CURVE((1.,0.866025403784439,1.,0.866025403784439,1.,0.866025403784439,
1.,0.866025403784439,1.,0.866025403784439,1.,0.866025403784439,1.,0.866025403784439,
1.,0.866025403784439,1.,0.866025403784439,1.,0.866025403784439,1.,0.866025403784439,
1.,0.866025403784439,1.,0.866025403784439,1.,0.866025403784439,1.,0.866025403784439,
1.,0.866025403784439,1.,0.866025403784439,1.,0.866025403784439,1.,0.866025403784439,
1.,0.866025403784439,1.,0.866025403784439,1.,0.866025403784439,1.,0.866025403784439,
1.,0.866025403784439,1.,0.866025403784439,1.,0.866025403784439,1.,0.866025403784439,
1.,0.866025403784439,1.,0.866025403784439,1.,0.866025403784439,1.,0.866025403784439,
1.,0.866025403784439,1.,0.866025403784439,1.,0.866025403784439,1.,0.866025403784439,
1.,0.866025403784439,1.,0.866025403784439,1.,0.866025403784439,1.,0.866025403784439,
1.,0.866025403784439,1.,0.866025403784439,1.,0.866025403784439,1.))
REPRESENTATION_ITEM('')
);
#18=CYLINDRICAL_SURFACE('',#1588,0.0248025060490336);
#19=CYLINDRICAL_SURFACE('',#1596,0.0248025060490336);
#20=CYLINDRICAL_SURFACE('',#1604,0.0248025060490336);
#21=CYLINDRICAL_SURFACE('',#1648,0.015875);
#22=CYLINDRICAL_SURFACE('',#1650,0.015875);
#23=CYLINDRICAL_SURFACE('',#1652,0.015875);
#24=CYLINDRICAL_SURFACE('',#1654,0.0112);
#25=CYLINDRICAL_SURFACE('',#1656,0.0103881011839521);
#26=CYLINDRICAL_SURFACE('',#1658,0.015875);
#27=CYLINDRICAL_SURFACE('',#1660,0.003175);
#28=CYLINDRICAL_SURFACE('',#1662,0.003175);
#29=CYLINDRICAL_SURFACE('',#1664,0.003175);
#30=CYLINDRICAL_SURFACE('',#1666,0.003175);
#31=CYLINDRICAL_SURFACE('',#1668,0.003175);
#32=CYLINDRICAL_SURFACE('',#1670,0.003175);
#33=CYLINDRICAL_SURFACE('',#1672,0.003175);
#34=CYLINDRICAL_SURFACE('',#1674,0.003175);
#35=CYLINDRICAL_SURFACE('',#1677,0.026035);
#36=CYLINDRICAL_SURFACE('',#1682,0.026035);
#37=CYLINDRICAL_SURFACE('',#1687,0.026035);
#38=CYLINDRICAL_SURFACE('',#1691,0.03175);
#39=CYLINDRICAL_SURFACE('',#1696,0.027432);
#40=CYLINDRICAL_SURFACE('',#1706,0.026035);
#41=CYLINDRICAL_SURFACE('',#1709,0.0269875);
#42=CYLINDRICAL_SURFACE('',#1711,0.0269875);
#43=CYLINDRICAL_SURFACE('',#1713,0.0269875);
#44=CYLINDRICAL_SURFACE('',#1715,0.0269875);
#45=CYLINDRICAL_SURFACE('',#1739,0.0248025060490336);
#46=CYLINDRICAL_SURFACE('',#1741,0.003175);
#47=CYLINDRICAL_SURFACE('',#1742,0.003175);
#48=CYLINDRICAL_SURFACE('',#1743,0.003175);
#49=CYLINDRICAL_SURFACE('',#1744,0.003175);
#50=CYLINDRICAL_SURFACE('',#1745,0.003175);
#51=CYLINDRICAL_SURFACE('',#1746,0.003175);
#52=CYLINDRICAL_SURFACE('',#1747,0.003175);
#53=CYLINDRICAL_SURFACE('',#1748,0.003175);
#54=CYLINDRICAL_SURFACE('',#1749,0.003175);
#55=CYLINDRICAL_SURFACE('',#1750,0.003175);
#56=CYLINDRICAL_SURFACE('',#1751,0.003175);
#57=CYLINDRICAL_SURFACE('',#1752,0.003175);
#58=CYLINDRICAL_SURFACE('',#1753,0.003175);
#59=CYLINDRICAL_SURFACE('',#1754,0.003175);
#60=CYLINDRICAL_SURFACE('',#1755,0.003175);
#61=CYLINDRICAL_SURFACE('',#1756,0.003175);
#62=PLANE('',#1587);
#63=PLANE('',#1591);
#64=PLANE('',#1595);
#65=PLANE('',#1599);
#66=PLANE('',#1603);
#67=PLANE('',#1607);
#68=PLANE('',#1608);
#69=PLANE('',#1676);
#70=PLANE('',#1680);
#71=PLANE('',#1681);
#72=PLANE('',#1685);
#73=PLANE('',#1686);
#74=PLANE('',#1690);
#75=PLANE('',#1693);
#76=PLANE('',#1698);
#77=PLANE('',#1705);
#78=PLANE('',#1708);
#79=PLANE('',#1721);
#80=PLANE('',#1738);
#81=PLANE('',#1740);
#82=LINE('',#2227,#190);
#83=LINE('',#2236,#191);
#84=LINE('',#2239,#192);
#85=LINE('',#2241,#193);
#86=LINE('',#2243,#194);
#87=LINE('',#2245,#195);
#88=LINE('',#2250,#196);
#89=LINE('',#2253,#197);
#90=LINE('',#2255,#198);
#91=LINE('',#2258,#199);
#92=LINE('',#2260,#200);
#93=LINE('',#2261,#201);
#94=LINE('',#2272,#202);
#95=LINE('',#2281,#203);
#96=LINE('',#2284,#204);
#97=LINE('',#2286,#205);
#98=LINE('',#2288,#206);
#99=LINE('',#2290,#207);
#100=LINE('',#2295,#208);
#101=LINE('',#2298,#209);
#102=LINE('',#2300,#210);
#103=LINE('',#2302,#211);
#104=LINE('',#2304,#212);
#105=LINE('',#2306,#213);
#106=LINE('',#2317,#214);
#107=LINE('',#2326,#215);
#108=LINE('',#2329,#216);
#109=LINE('',#2331,#217);
#110=LINE('',#2333,#218);
#111=LINE('',#2335,#219);
#112=LINE('',#2339,#220);
#113=LINE('',#2343,#221);
#114=LINE('',#2345,#222);
#115=LINE('',#2347,#223);
#116=LINE('',#2349,#224);
#117=LINE('',#2351,#225);
#118=LINE('',#2371,#226);
#119=LINE('',#2379,#227);
#120=LINE('',#2383,#228);
#121=LINE('',#2391,#229);
#122=LINE('',#2392,#230);
#123=LINE('',#2397,#231);
#124=LINE('',#2429,#232);
#125=LINE('',#2437,#233);
#126=LINE('',#2443,#234);
#127=LINE('',#2451,#235);
#128=LINE('',#2462,#236);
#129=LINE('',#2471,#237);
#130=LINE('',#2475,#238);
#131=LINE('',#2477,#239);
#132=LINE('',#2481,#240);
#133=LINE('',#2483,#241);
#134=LINE('',#2487,#242);
#135=LINE('',#3083,#243);
#136=LINE('',#3087,#244);
#137=LINE('',#3091,#245);
#138=LINE('',#3095,#246);
#139=LINE('',#3099,#247);
#140=LINE('',#3103,#248);
#141=LINE('',#3107,#249);
#142=LINE('',#3111,#250);
#143=LINE('',#3115,#251);
#144=LINE('',#3119,#252);
#145=LINE('',#3121,#253);
#146=LINE('',#3128,#254);
#147=LINE('',#3130,#255);
#148=LINE('',#3137,#256);
#149=LINE('',#3139,#257);
#150=LINE('',#3145,#258);
#151=LINE('',#3146,#259);
#152=LINE('',#3152,#260);
#153=LINE('',#3154,#261);
#154=LINE('',#3161,#262);
#155=LINE('',#3163,#263);
#156=LINE('',#3170,#264);
#157=LINE('',#3172,#265);
#158=LINE('',#3178,#266);
#159=LINE('',#3179,#267);
#160=LINE('',#3185,#268);
#161=LINE('',#3187,#269);
#162=LINE('',#3194,#270);
#163=LINE('',#3196,#271);
#164=LINE('',#3203,#272);
#165=LINE('',#3205,#273);
#166=LINE('',#3211,#274);
#167=LINE('',#3212,#275);
#168=LINE('',#3218,#276);
#169=LINE('',#3236,#277);
#170=LINE('',#3240,#278);
#171=LINE('',#3244,#279);
#172=LINE('',#3245,#280);
#173=LINE('',#3252,#281);
#174=LINE('',#3256,#282);
#175=LINE('',#3258,#283);
#176=LINE('',#3269,#284);
#177=LINE('',#3295,#285);
#178=LINE('',#3301,#286);
#179=LINE('',#3305,#287);
#180=LINE('',#3331,#288);
#181=LINE('',#3332,#289);
#182=LINE('',#3334,#290);
#183=LINE('',#3335,#291);
#184=LINE('',#3337,#292);
#185=LINE('',#3338,#293);
#186=LINE('',#3342,#294);
#187=LINE('',#3345,#295);
#188=LINE('',#3351,#296);
#189=LINE('',#3357,#297);
#190=VECTOR('',#1764,1.);
#191=VECTOR('',#1769,1.);
#192=VECTOR('',#1770,1.);
#193=VECTOR('',#1771,1.);
#194=VECTOR('',#1772,1.);
#195=VECTOR('',#1773,1.);
#196=VECTOR('',#1778,1.);
#197=VECTOR('',#1781,1.);
#198=VECTOR('',#1784,1.);
#199=VECTOR('',#1785,1.);
#200=VECTOR('',#1786,1.);
#201=VECTOR('',#1787,1.);
#202=VECTOR('',#1792,1.);
#203=VECTOR('',#1797,1.);
#204=VECTOR('',#1798,1.);
#205=VECTOR('',#1799,1.);
#206=VECTOR('',#1800,1.);
#207=VECTOR('',#1801,1.);
#208=VECTOR('',#1806,1.);
#209=VECTOR('',#1809,1.);
#210=VECTOR('',#1812,1.);
#211=VECTOR('',#1813,1.);
#212=VECTOR('',#1814,1.);
#213=VECTOR('',#1815,1.);
#214=VECTOR('',#1820,1.);
#215=VECTOR('',#1825,1.);
#216=VECTOR('',#1826,1.);
#217=VECTOR('',#1827,1.);
#218=VECTOR('',#1828,1.);
#219=VECTOR('',#1829,1.);
#220=VECTOR('',#1834,1.);
#221=VECTOR('',#1837,1.);
#222=VECTOR('',#1840,1.);
#223=VECTOR('',#1841,1.);
#224=VECTOR('',#1842,1.);
#225=VECTOR('',#1843,1.);
#226=VECTOR('',#1872,1.);
#227=VECTOR('',#1879,1.);
#228=VECTOR('',#1882,1.);
#229=VECTOR('',#1889,1.);
#230=VECTOR('',#1890,1.);
#231=VECTOR('',#1893,1.);
#232=VECTOR('',#1908,1.);
#233=VECTOR('',#1915,1.);
#234=VECTOR('',#1920,1.);
#235=VECTOR('',#1927,1.);
#236=VECTOR('',#1932,1.);
#237=VECTOR('',#1937,1.);
#238=VECTOR('',#1940,1.);
#239=VECTOR('',#1943,1.);
#240=VECTOR('',#1946,1.);
#241=VECTOR('',#1949,1.);
#242=VECTOR('',#1952,1.);
#243=VECTOR('',#1963,1.);
#244=VECTOR('',#1966,1.);
#245=VECTOR('',#1971,1.);
#246=VECTOR('',#1976,1.);
#247=VECTOR('',#1981,1.);
#248=VECTOR('',#1986,1.);
#249=VECTOR('',#1991,1.);
#250=VECTOR('',#1996,1.);
#251=VECTOR('',#2001,1.);
#252=VECTOR('',#2006,1.);
#253=VECTOR('',#2009,1.);
#254=VECTOR('',#2010,1.);
#255=VECTOR('',#2011,1.);
#256=VECTOR('',#2012,1.);
#257=VECTOR('',#2015,1.);
#258=VECTOR('',#2022,1.);
#259=VECTOR('',#2023,1.);
#260=VECTOR('',#2024,1.);
#261=VECTOR('',#2027,1.);
#262=VECTOR('',#2028,1.);
#263=VECTOR('',#2029,1.);
#264=VECTOR('',#2030,1.);
#265=VECTOR('',#2033,1.);
#266=VECTOR('',#2040,1.);
#267=VECTOR('',#2041,1.);
#268=VECTOR('',#2042,1.);
#269=VECTOR('',#2045,1.);
#270=VECTOR('',#2046,1.);
#271=VECTOR('',#2047,1.);
#272=VECTOR('',#2048,1.);
#273=VECTOR('',#2051,1.);
#274=VECTOR('',#2058,1.);
#275=VECTOR('',#2059,1.);
#276=VECTOR('',#2060,1.);
#277=VECTOR('',#2085,1.);
#278=VECTOR('',#2088,1.);
#279=VECTOR('',#2093,1.);
#280=VECTOR('',#2094,1.);
#281=VECTOR('',#2095,1.);
#282=VECTOR('',#2100,1.);
#283=VECTOR('',#2103,1.);
#284=VECTOR('',#2104,1.);
#285=VECTOR('',#2149,1.);
#286=VECTOR('',#2154,1.);
#287=VECTOR('',#2159,1.);
#288=VECTOR('',#2168,1.);
#289=VECTOR('',#2169,1.);
#290=VECTOR('',#2172,1.);
#291=VECTOR('',#2173,1.);
#292=VECTOR('',#2176,1.);
#293=VECTOR('',#2177,1.);
#294=VECTOR('',#2184,1.);
#295=VECTOR('',#2189,1.);
#296=VECTOR('',#2200,1.);
#297=VECTOR('',#2211,1.);
#298=B_SPLINE_CURVE_WITH_KNOTS('',3,(#2221,#2222,#2223,#2224,#2225),
 .UNSPECIFIED.,.F.,.F.,(4,1,4),(0.,0.00285100039960633,0.00570200079921265),
 .UNSPECIFIED.);
#299=B_SPLINE_CURVE_WITH_KNOTS('',3,(#2231,#2232,#2233,#2234),
 .UNSPECIFIED.,.F.,.F.,(4,4),(0.,0.004832952941743),.UNSPECIFIED.);
#300=B_SPLINE_CURVE_WITH_KNOTS('',3,(#2266,#2267,#2268,#2269,#2270),
 .UNSPECIFIED.,.F.,.F.,(4,1,4),(0.,0.00285100039960633,0.00570200079921265),
 .UNSPECIFIED.);
#301=B_SPLINE_CURVE_WITH_KNOTS('',3,(#2276,#2277,#2278,#2279),
 .UNSPECIFIED.,.F.,.F.,(4,4),(0.,0.004832952941743),.UNSPECIFIED.);
#302=B_SPLINE_CURVE_WITH_KNOTS('',3,(#2311,#2312,#2313,#2314,#2315),
 .UNSPECIFIED.,.F.,.F.,(4,1,4),(0.,0.00285100039960633,0.00570200079921265),
 .UNSPECIFIED.);
#303=B_SPLINE_CURVE_WITH_KNOTS('',3,(#2321,#2322,#2323,#2324),
 .UNSPECIFIED.,.F.,.F.,(4,4),(0.,0.00483295294174296),.UNSPECIFIED.);
#304=B_SPLINE_CURVE_WITH_KNOTS('',3,(#2407,#2408,#2409,#2410,#2411,#2412,
#2413),.UNSPECIFIED.,.F.,.F.,(4,1,1,1,4),(3.85185988877447E-34,0.0053359321926453,
0.0106718643852906,0.0160077965779359,0.0213437287705812),.UNSPECIFIED.);
#305=B_SPLINE_CURVE_WITH_KNOTS('',3,(#2417,#2418,#2419,#2420,#2421,#2422,
#2423),.UNSPECIFIED.,.F.,.F.,(4,1,1,1,4),(2.40741243048404E-35,0.00532239842624141,
0.0106447968524828,0.0159671952787242,0.0212895937049656),.UNSPECIFIED.);
#306=B_SPLINE_CURVE_WITH_KNOTS('',3,(#2456,#2457,#2458,#2459,#2460),
 .UNSPECIFIED.,.F.,.F.,(4,1,4),(0.,0.00285100039960633,0.00570200079921265),
 .UNSPECIFIED.);
#307=B_SPLINE_CURVE_WITH_KNOTS('',3,(#2466,#2467,#2468,#2469),
 .UNSPECIFIED.,.F.,.F.,(4,4),(0.,0.004832952941743),.UNSPECIFIED.);
#308=B_SPLINE_CURVE_WITH_KNOTS('',3,(#2866,#2867,#2868,#2869,#2870,#2871,
#2872),.UNSPECIFIED.,.F.,.F.,(4,1,1,1,4),(1.2266347333467E-17,0.00531517683357736,
0.0106303536671547,0.015945530500732,0.0212607073343094),.UNSPECIFIED.);
#309=B_SPLINE_CURVE_WITH_KNOTS('',3,(#3075,#3076,#3077,#3078,#3079,#3080,
#3081),.UNSPECIFIED.,.F.,.F.,(4,1,1,1,4),(1.28137836302498E-17,0.00532932640337643,
0.0106586528067528,0.0159879792101293,0.0213173056135057),.UNSPECIFIED.);
#310=B_SPLINE_CURVE_WITH_KNOTS('',3,(#3123,#3124,#3125,#3126),
 .UNSPECIFIED.,.F.,.F.,(4,4),(0.000586036136855052,0.00541898907859801),
 .UNSPECIFIED.);
#311=B_SPLINE_CURVE_WITH_KNOTS('',3,(#3132,#3133,#3134,#3135),
 .UNSPECIFIED.,.F.,.F.,(4,4),(0.,0.0019349454663139),.UNSPECIFIED.);
#312=B_SPLINE_CURVE_WITH_KNOTS('',3,(#3148,#3149,#3150,#3151),
 .UNSPECIFIED.,.F.,.F.,(4,4),(0.,0.0019349454663139),.UNSPECIFIED.);
#313=B_SPLINE_CURVE_WITH_KNOTS('',3,(#3156,#3157,#3158,#3159),
 .UNSPECIFIED.,.F.,.F.,(4,4),(0.000586036136855051,0.00541898907859806),
 .UNSPECIFIED.);
#314=B_SPLINE_CURVE_WITH_KNOTS('',3,(#3165,#3166,#3167,#3168),
 .UNSPECIFIED.,.F.,.F.,(4,4),(0.,0.0019349454663139),.UNSPECIFIED.);
#315=B_SPLINE_CURVE_WITH_KNOTS('',3,(#3181,#3182,#3183,#3184),
 .UNSPECIFIED.,.F.,.F.,(4,4),(0.,0.00193494546631391),.UNSPECIFIED.);
#316=B_SPLINE_CURVE_WITH_KNOTS('',3,(#3189,#3190,#3191,#3192),
 .UNSPECIFIED.,.F.,.F.,(4,4),(0.000586036136855051,0.00541898907859806),
 .UNSPECIFIED.);
#317=B_SPLINE_CURVE_WITH_KNOTS('',3,(#3198,#3199,#3200,#3201),
 .UNSPECIFIED.,.F.,.F.,(4,4),(0.,0.00193494546631391),.UNSPECIFIED.);
#318=B_SPLINE_CURVE_WITH_KNOTS('',3,(#3214,#3215,#3216,#3217),
 .UNSPECIFIED.,.F.,.F.,(4,4),(0.,0.00193494546631391),.UNSPECIFIED.);
#319=B_SPLINE_CURVE_WITH_KNOTS('',3,(#3247,#3248,#3249,#3250),
 .UNSPECIFIED.,.F.,.F.,(4,4),(0.,0.00193494546631391),.UNSPECIFIED.);
#320=B_SPLINE_CURVE_WITH_KNOTS('',3,(#3260,#3261,#3262,#3263),
 .UNSPECIFIED.,.F.,.F.,(4,4),(0.000586036136855051,0.00541898907859806),
 .UNSPECIFIED.);
#321=B_SPLINE_CURVE_WITH_KNOTS('',3,(#3264,#3265,#3266,#3267),
 .UNSPECIFIED.,.F.,.F.,(4,4),(0.,0.00193494546631391),.UNSPECIFIED.);
#322=B_SPLINE_CURVE_WITH_KNOTS('',3,(#3307,#3308,#3309,#3310,#3311),
 .UNSPECIFIED.,.F.,.F.,(4,1,4),(3.21860165521095E-17,0.00285095852291341,
0.00570191704582678),.UNSPECIFIED.);
#323=B_SPLINE_CURVE_WITH_KNOTS('',3,(#3313,#3314,#3315,#3316,#3317),
 .UNSPECIFIED.,.F.,.F.,(4,1,4),(0.,0.00285095852291338,0.00570191704582677),
 .UNSPECIFIED.);
#324=B_SPLINE_CURVE_WITH_KNOTS('',3,(#3319,#3320,#3321,#3322,#3323),
 .UNSPECIFIED.,.F.,.F.,(4,1,4),(3.21860165521095E-17,0.00285095852291341,
0.00570191704582678),.UNSPECIFIED.);
#325=B_SPLINE_CURVE_WITH_KNOTS('',3,(#3325,#3326,#3327,#3328,#3329),
 .UNSPECIFIED.,.F.,.F.,(4,1,4),(0.,0.00285095852291338,0.00570191704582677),
 .UNSPECIFIED.);
#326=ORIENTED_EDGE('',*,*,#800,.F.);
#327=ORIENTED_EDGE('',*,*,#801,.T.);
#328=ORIENTED_EDGE('',*,*,#802,.T.);
#329=ORIENTED_EDGE('',*,*,#803,.F.);
#330=ORIENTED_EDGE('',*,*,#804,.F.);
#331=ORIENTED_EDGE('',*,*,#805,.T.);
#332=ORIENTED_EDGE('',*,*,#806,.T.);
#333=ORIENTED_EDGE('',*,*,#807,.T.);
#334=ORIENTED_EDGE('',*,*,#808,.T.);
#335=ORIENTED_EDGE('',*,*,#809,.T.);
#336=ORIENTED_EDGE('',*,*,#810,.T.);
#337=ORIENTED_EDGE('',*,*,#811,.T.);
#338=ORIENTED_EDGE('',*,*,#812,.F.);
#339=ORIENTED_EDGE('',*,*,#813,.T.);
#340=ORIENTED_EDGE('',*,*,#814,.F.);
#341=ORIENTED_EDGE('',*,*,#815,.T.);
#342=ORIENTED_EDGE('',*,*,#816,.F.);
#343=ORIENTED_EDGE('',*,*,#802,.F.);
#344=ORIENTED_EDGE('',*,*,#817,.T.);
#345=ORIENTED_EDGE('',*,*,#818,.F.);
#346=ORIENTED_EDGE('',*,*,#819,.T.);
#347=ORIENTED_EDGE('',*,*,#820,.T.);
#348=ORIENTED_EDGE('',*,*,#821,.F.);
#349=ORIENTED_EDGE('',*,*,#822,.F.);
#350=ORIENTED_EDGE('',*,*,#823,.T.);
#351=ORIENTED_EDGE('',*,*,#824,.T.);
#352=ORIENTED_EDGE('',*,*,#825,.T.);
#353=ORIENTED_EDGE('',*,*,#826,.T.);
#354=ORIENTED_EDGE('',*,*,#827,.T.);
#355=ORIENTED_EDGE('',*,*,#828,.T.);
#356=ORIENTED_EDGE('',*,*,#829,.T.);
#357=ORIENTED_EDGE('',*,*,#830,.F.);
#358=ORIENTED_EDGE('',*,*,#831,.T.);
#359=ORIENTED_EDGE('',*,*,#820,.F.);
#360=ORIENTED_EDGE('',*,*,#832,.T.);
#361=ORIENTED_EDGE('',*,*,#833,.F.);
#362=ORIENTED_EDGE('',*,*,#834,.T.);
#363=ORIENTED_EDGE('',*,*,#835,.F.);
#364=ORIENTED_EDGE('',*,*,#836,.F.);
#365=ORIENTED_EDGE('',*,*,#837,.T.);
#366=ORIENTED_EDGE('',*,*,#838,.T.);
#367=ORIENTED_EDGE('',*,*,#839,.F.);
#368=ORIENTED_EDGE('',*,*,#840,.F.);
#369=ORIENTED_EDGE('',*,*,#841,.T.);
#370=ORIENTED_EDGE('',*,*,#842,.T.);
#371=ORIENTED_EDGE('',*,*,#843,.T.);
#372=ORIENTED_EDGE('',*,*,#844,.T.);
#373=ORIENTED_EDGE('',*,*,#845,.T.);
#374=ORIENTED_EDGE('',*,*,#846,.F.);
#375=ORIENTED_EDGE('',*,*,#847,.T.);
#376=ORIENTED_EDGE('',*,*,#848,.T.);
#377=ORIENTED_EDGE('',*,*,#849,.T.);
#378=ORIENTED_EDGE('',*,*,#838,.F.);
#379=ORIENTED_EDGE('',*,*,#850,.T.);
#380=ORIENTED_EDGE('',*,*,#851,.F.);
#381=ORIENTED_EDGE('',*,*,#852,.T.);
#382=ORIENTED_EDGE('',*,*,#853,.F.);
#383=ORIENTED_EDGE('',*,*,#854,.T.);
#384=ORIENTED_EDGE('',*,*,#855,.T.);
#385=ORIENTED_EDGE('',*,*,#814,.T.);
#386=ORIENTED_EDGE('',*,*,#856,.T.);
#387=ORIENTED_EDGE('',*,*,#810,.F.);
#388=ORIENTED_EDGE('',*,*,#857,.T.);
#389=ORIENTED_EDGE('',*,*,#807,.F.);
#390=ORIENTED_EDGE('',*,*,#825,.F.);
#391=ORIENTED_EDGE('',*,*,#858,.T.);
#392=ORIENTED_EDGE('',*,*,#859,.T.);
#393=ORIENTED_EDGE('',*,*,#833,.T.);
#394=ORIENTED_EDGE('',*,*,#860,.T.);
#395=ORIENTED_EDGE('',*,*,#828,.F.);
#396=ORIENTED_EDGE('',*,*,#861,.T.);
#397=ORIENTED_EDGE('',*,*,#841,.F.);
#398=ORIENTED_EDGE('',*,*,#862,.T.);
#399=ORIENTED_EDGE('',*,*,#863,.T.);
#400=ORIENTED_EDGE('',*,*,#851,.T.);
#401=ORIENTED_EDGE('',*,*,#864,.T.);
#402=ORIENTED_EDGE('',*,*,#848,.F.);
#403=ORIENTED_EDGE('',*,*,#865,.T.);
#404=ORIENTED_EDGE('',*,*,#866,.F.);
#405=ORIENTED_EDGE('',*,*,#867,.T.);
#406=ORIENTED_EDGE('',*,*,#868,.T.);
#407=ORIENTED_EDGE('',*,*,#869,.T.);
#408=ORIENTED_EDGE('',*,*,#870,.T.);
#409=ORIENTED_EDGE('',*,*,#871,.F.);
#410=ORIENTED_EDGE('',*,*,#872,.F.);
#411=ORIENTED_EDGE('',*,*,#873,.T.);
#412=ORIENTED_EDGE('',*,*,#874,.T.);
#413=ORIENTED_EDGE('',*,*,#875,.T.);
#414=ORIENTED_EDGE('',*,*,#876,.T.);
#415=ORIENTED_EDGE('',*,*,#877,.F.);
#416=ORIENTED_EDGE('',*,*,#878,.F.);
#417=ORIENTED_EDGE('',*,*,#879,.F.);
#418=ORIENTED_EDGE('',*,*,#880,.T.);
#419=ORIENTED_EDGE('',*,*,#881,.T.);
#420=ORIENTED_EDGE('',*,*,#882,.T.);
#421=ORIENTED_EDGE('',*,*,#883,.T.);
#422=ORIENTED_EDGE('',*,*,#884,.F.);
#423=ORIENTED_EDGE('',*,*,#885,.T.);
#424=ORIENTED_EDGE('',*,*,#886,.T.);
#425=ORIENTED_EDGE('',*,*,#887,.T.);
#426=ORIENTED_EDGE('',*,*,#888,.F.);
#427=ORIENTED_EDGE('',*,*,#889,.F.);
#428=ORIENTED_EDGE('',*,*,#890,.T.);
#429=ORIENTED_EDGE('',*,*,#891,.T.);
#430=ORIENTED_EDGE('',*,*,#892,.T.);
#431=ORIENTED_EDGE('',*,*,#893,.T.);
#432=ORIENTED_EDGE('',*,*,#894,.F.);
#433=ORIENTED_EDGE('',*,*,#895,.T.);
#434=ORIENTED_EDGE('',*,*,#896,.T.);
#435=ORIENTED_EDGE('',*,*,#897,.T.);
#436=ORIENTED_EDGE('',*,*,#898,.T.);
#437=ORIENTED_EDGE('',*,*,#899,.F.);
#438=ORIENTED_EDGE('',*,*,#900,.T.);
#439=ORIENTED_EDGE('',*,*,#901,.F.);
#440=ORIENTED_EDGE('',*,*,#902,.F.);
#441=ORIENTED_EDGE('',*,*,#903,.T.);
#442=ORIENTED_EDGE('',*,*,#904,.T.);
#443=ORIENTED_EDGE('',*,*,#905,.F.);
#444=ORIENTED_EDGE('',*,*,#906,.F.);
#445=ORIENTED_EDGE('',*,*,#907,.T.);
#446=ORIENTED_EDGE('',*,*,#908,.T.);
#447=ORIENTED_EDGE('',*,*,#909,.T.);
#448=ORIENTED_EDGE('',*,*,#892,.F.);
#449=ORIENTED_EDGE('',*,*,#910,.T.);
#450=ORIENTED_EDGE('',*,*,#911,.T.);
#451=ORIENTED_EDGE('',*,*,#912,.T.);
#452=ORIENTED_EDGE('',*,*,#882,.F.);
#453=ORIENTED_EDGE('',*,*,#913,.T.);
#454=ORIENTED_EDGE('',*,*,#914,.T.);
#455=ORIENTED_EDGE('',*,*,#915,.T.);
#456=ORIENTED_EDGE('',*,*,#875,.F.);
#457=ORIENTED_EDGE('',*,*,#916,.F.);
#458=ORIENTED_EDGE('',*,*,#917,.F.);
#459=ORIENTED_EDGE('',*,*,#884,.T.);
#460=ORIENTED_EDGE('',*,*,#918,.T.);
#461=ORIENTED_EDGE('',*,*,#919,.T.);
#462=ORIENTED_EDGE('',*,*,#920,.T.);
#463=ORIENTED_EDGE('',*,*,#918,.F.);
#464=ORIENTED_EDGE('',*,*,#887,.F.);
#465=ORIENTED_EDGE('',*,*,#921,.T.);
#466=ORIENTED_EDGE('',*,*,#922,.T.);
#467=ORIENTED_EDGE('',*,*,#919,.F.);
#468=ORIENTED_EDGE('',*,*,#886,.F.);
#469=ORIENTED_EDGE('',*,*,#917,.T.);
#470=ORIENTED_EDGE('',*,*,#923,.T.);
#471=ORIENTED_EDGE('',*,*,#921,.F.);
#472=ORIENTED_EDGE('',*,*,#885,.F.);
#473=ORIENTED_EDGE('',*,*,#924,.T.);
#474=ORIENTED_EDGE('',*,*,#925,.T.);
#475=ORIENTED_EDGE('',*,*,#926,.T.);
#476=ORIENTED_EDGE('',*,*,#869,.F.);
#477=ORIENTED_EDGE('',*,*,#927,.F.);
#478=ORIENTED_EDGE('',*,*,#924,.F.);
#479=ORIENTED_EDGE('',*,*,#868,.F.);
#480=ORIENTED_EDGE('',*,*,#928,.F.);
#481=ORIENTED_EDGE('',*,*,#929,.F.);
#482=ORIENTED_EDGE('',*,*,#930,.F.);
#483=ORIENTED_EDGE('',*,*,#870,.F.);
#484=ORIENTED_EDGE('',*,*,#926,.F.);
#485=ORIENTED_EDGE('',*,*,#931,.F.);
#486=ORIENTED_EDGE('',*,*,#913,.F.);
#487=ORIENTED_EDGE('',*,*,#874,.F.);
#488=ORIENTED_EDGE('',*,*,#932,.F.);
#489=ORIENTED_EDGE('',*,*,#933,.F.);
#490=ORIENTED_EDGE('',*,*,#934,.F.);
#491=ORIENTED_EDGE('',*,*,#876,.F.);
#492=ORIENTED_EDGE('',*,*,#915,.F.);
#493=ORIENTED_EDGE('',*,*,#935,.F.);
#494=ORIENTED_EDGE('',*,*,#910,.F.);
#495=ORIENTED_EDGE('',*,*,#881,.F.);
#496=ORIENTED_EDGE('',*,*,#936,.F.);
#497=ORIENTED_EDGE('',*,*,#937,.F.);
#498=ORIENTED_EDGE('',*,*,#938,.F.);
#499=ORIENTED_EDGE('',*,*,#883,.F.);
#500=ORIENTED_EDGE('',*,*,#912,.F.);
#501=ORIENTED_EDGE('',*,*,#939,.F.);
#502=ORIENTED_EDGE('',*,*,#907,.F.);
#503=ORIENTED_EDGE('',*,*,#891,.F.);
#504=ORIENTED_EDGE('',*,*,#940,.F.);
#505=ORIENTED_EDGE('',*,*,#941,.F.);
#506=ORIENTED_EDGE('',*,*,#942,.F.);
#507=ORIENTED_EDGE('',*,*,#893,.F.);
#508=ORIENTED_EDGE('',*,*,#909,.F.);
#509=ORIENTED_EDGE('',*,*,#942,.T.);
#510=ORIENTED_EDGE('',*,*,#943,.T.);
#511=ORIENTED_EDGE('',*,*,#944,.T.);
#512=ORIENTED_EDGE('',*,*,#945,.T.);
#513=ORIENTED_EDGE('',*,*,#946,.F.);
#514=ORIENTED_EDGE('',*,*,#947,.T.);
#515=ORIENTED_EDGE('',*,*,#948,.T.);
#516=ORIENTED_EDGE('',*,*,#894,.T.);
#517=ORIENTED_EDGE('',*,*,#949,.F.);
#518=ORIENTED_EDGE('',*,*,#950,.T.);
#519=ORIENTED_EDGE('',*,*,#946,.T.);
#520=ORIENTED_EDGE('',*,*,#951,.T.);
#521=ORIENTED_EDGE('',*,*,#906,.T.);
#522=ORIENTED_EDGE('',*,*,#952,.T.);
#523=ORIENTED_EDGE('',*,*,#940,.T.);
#524=ORIENTED_EDGE('',*,*,#890,.F.);
#525=ORIENTED_EDGE('',*,*,#953,.F.);
#526=ORIENTED_EDGE('',*,*,#954,.T.);
#527=ORIENTED_EDGE('',*,*,#949,.T.);
#528=ORIENTED_EDGE('',*,*,#955,.F.);
#529=ORIENTED_EDGE('',*,*,#938,.T.);
#530=ORIENTED_EDGE('',*,*,#956,.T.);
#531=ORIENTED_EDGE('',*,*,#957,.T.);
#532=ORIENTED_EDGE('',*,*,#958,.T.);
#533=ORIENTED_EDGE('',*,*,#959,.F.);
#534=ORIENTED_EDGE('',*,*,#960,.T.);
#535=ORIENTED_EDGE('',*,*,#961,.T.);
#536=ORIENTED_EDGE('',*,*,#878,.T.);
#537=ORIENTED_EDGE('',*,*,#962,.F.);
#538=ORIENTED_EDGE('',*,*,#963,.T.);
#539=ORIENTED_EDGE('',*,*,#959,.T.);
#540=ORIENTED_EDGE('',*,*,#964,.T.);
#541=ORIENTED_EDGE('',*,*,#804,.T.);
#542=ORIENTED_EDGE('',*,*,#965,.T.);
#543=ORIENTED_EDGE('',*,*,#936,.T.);
#544=ORIENTED_EDGE('',*,*,#880,.F.);
#545=ORIENTED_EDGE('',*,*,#966,.F.);
#546=ORIENTED_EDGE('',*,*,#967,.T.);
#547=ORIENTED_EDGE('',*,*,#962,.T.);
#548=ORIENTED_EDGE('',*,*,#968,.F.);
#549=ORIENTED_EDGE('',*,*,#934,.T.);
#550=ORIENTED_EDGE('',*,*,#969,.T.);
#551=ORIENTED_EDGE('',*,*,#970,.T.);
#552=ORIENTED_EDGE('',*,*,#971,.T.);
#553=ORIENTED_EDGE('',*,*,#972,.F.);
#554=ORIENTED_EDGE('',*,*,#973,.T.);
#555=ORIENTED_EDGE('',*,*,#974,.T.);
#556=ORIENTED_EDGE('',*,*,#877,.T.);
#557=ORIENTED_EDGE('',*,*,#975,.F.);
#558=ORIENTED_EDGE('',*,*,#976,.T.);
#559=ORIENTED_EDGE('',*,*,#972,.T.);
#560=ORIENTED_EDGE('',*,*,#977,.T.);
#561=ORIENTED_EDGE('',*,*,#822,.T.);
#562=ORIENTED_EDGE('',*,*,#978,.T.);
#563=ORIENTED_EDGE('',*,*,#932,.T.);
#564=ORIENTED_EDGE('',*,*,#873,.F.);
#565=ORIENTED_EDGE('',*,*,#979,.F.);
#566=ORIENTED_EDGE('',*,*,#980,.T.);
#567=ORIENTED_EDGE('',*,*,#975,.T.);
#568=ORIENTED_EDGE('',*,*,#981,.F.);
#569=ORIENTED_EDGE('',*,*,#982,.T.);
#570=ORIENTED_EDGE('',*,*,#888,.T.);
#571=ORIENTED_EDGE('',*,*,#983,.T.);
#572=ORIENTED_EDGE('',*,*,#984,.F.);
#573=ORIENTED_EDGE('',*,*,#985,.F.);
#574=ORIENTED_EDGE('',*,*,#984,.T.);
#575=ORIENTED_EDGE('',*,*,#986,.T.);
#576=ORIENTED_EDGE('',*,*,#812,.T.);
#577=ORIENTED_EDGE('',*,*,#800,.T.);
#578=ORIENTED_EDGE('',*,*,#968,.T.);
#579=ORIENTED_EDGE('',*,*,#964,.F.);
#580=ORIENTED_EDGE('',*,*,#958,.F.);
#581=ORIENTED_EDGE('',*,*,#987,.T.);
#582=ORIENTED_EDGE('',*,*,#988,.T.);
#583=ORIENTED_EDGE('',*,*,#902,.T.);
#584=ORIENTED_EDGE('',*,*,#955,.T.);
#585=ORIENTED_EDGE('',*,*,#951,.F.);
#586=ORIENTED_EDGE('',*,*,#945,.F.);
#587=ORIENTED_EDGE('',*,*,#989,.T.);
#588=ORIENTED_EDGE('',*,*,#846,.T.);
#589=ORIENTED_EDGE('',*,*,#836,.T.);
#590=ORIENTED_EDGE('',*,*,#990,.T.);
#591=ORIENTED_EDGE('',*,*,#991,.F.);
#592=ORIENTED_EDGE('',*,*,#992,.F.);
#593=ORIENTED_EDGE('',*,*,#993,.T.);
#594=ORIENTED_EDGE('',*,*,#830,.T.);
#595=ORIENTED_EDGE('',*,*,#818,.T.);
#596=ORIENTED_EDGE('',*,*,#981,.T.);
#597=ORIENTED_EDGE('',*,*,#977,.F.);
#598=ORIENTED_EDGE('',*,*,#971,.F.);
#599=ORIENTED_EDGE('',*,*,#985,.T.);
#600=ORIENTED_EDGE('',*,*,#840,.T.);
#601=ORIENTED_EDGE('',*,*,#994,.T.);
#602=ORIENTED_EDGE('',*,*,#928,.T.);
#603=ORIENTED_EDGE('',*,*,#867,.F.);
#604=ORIENTED_EDGE('',*,*,#995,.F.);
#605=ORIENTED_EDGE('',*,*,#996,.T.);
#606=ORIENTED_EDGE('',*,*,#997,.T.);
#607=ORIENTED_EDGE('',*,*,#990,.F.);
#608=ORIENTED_EDGE('',*,*,#997,.F.);
#609=ORIENTED_EDGE('',*,*,#998,.T.);
#610=ORIENTED_EDGE('',*,*,#999,.T.);
#611=ORIENTED_EDGE('',*,*,#991,.T.);
#612=ORIENTED_EDGE('',*,*,#930,.T.);
#613=ORIENTED_EDGE('',*,*,#1000,.T.);
#614=ORIENTED_EDGE('',*,*,#1001,.T.);
#615=ORIENTED_EDGE('',*,*,#992,.T.);
#616=ORIENTED_EDGE('',*,*,#999,.F.);
#617=ORIENTED_EDGE('',*,*,#1002,.T.);
#618=ORIENTED_EDGE('',*,*,#1003,.T.);
#619=ORIENTED_EDGE('',*,*,#871,.T.);
#620=ORIENTED_EDGE('',*,*,#872,.T.);
#621=ORIENTED_EDGE('',*,*,#974,.F.);
#622=ORIENTED_EDGE('',*,*,#1004,.T.);
#623=ORIENTED_EDGE('',*,*,#979,.T.);
#624=ORIENTED_EDGE('',*,*,#879,.T.);
#625=ORIENTED_EDGE('',*,*,#961,.F.);
#626=ORIENTED_EDGE('',*,*,#1005,.T.);
#627=ORIENTED_EDGE('',*,*,#966,.T.);
#628=ORIENTED_EDGE('',*,*,#889,.T.);
#629=ORIENTED_EDGE('',*,*,#948,.F.);
#630=ORIENTED_EDGE('',*,*,#1006,.T.);
#631=ORIENTED_EDGE('',*,*,#953,.T.);
#632=ORIENTED_EDGE('',*,*,#866,.T.);
#633=ORIENTED_EDGE('',*,*,#1003,.F.);
#634=ORIENTED_EDGE('',*,*,#1007,.T.);
#635=ORIENTED_EDGE('',*,*,#995,.T.);
#636=ORIENTED_EDGE('',*,*,#954,.F.);
#637=ORIENTED_EDGE('',*,*,#1006,.F.);
#638=ORIENTED_EDGE('',*,*,#947,.F.);
#639=ORIENTED_EDGE('',*,*,#950,.F.);
#640=ORIENTED_EDGE('',*,*,#967,.F.);
#641=ORIENTED_EDGE('',*,*,#1005,.F.);
#642=ORIENTED_EDGE('',*,*,#960,.F.);
#643=ORIENTED_EDGE('',*,*,#963,.F.);
#644=ORIENTED_EDGE('',*,*,#980,.F.);
#645=ORIENTED_EDGE('',*,*,#1004,.F.);
#646=ORIENTED_EDGE('',*,*,#973,.F.);
#647=ORIENTED_EDGE('',*,*,#976,.F.);
#648=ORIENTED_EDGE('',*,*,#996,.F.);
#649=ORIENTED_EDGE('',*,*,#1007,.F.);
#650=ORIENTED_EDGE('',*,*,#1002,.F.);
#651=ORIENTED_EDGE('',*,*,#998,.F.);
#652=ORIENTED_EDGE('',*,*,#803,.T.);
#653=ORIENTED_EDGE('',*,*,#816,.T.);
#654=ORIENTED_EDGE('',*,*,#1008,.T.);
#655=ORIENTED_EDGE('',*,*,#1009,.T.);
#656=ORIENTED_EDGE('',*,*,#805,.F.);
#657=ORIENTED_EDGE('',*,*,#1010,.T.);
#658=ORIENTED_EDGE('',*,*,#969,.F.);
#659=ORIENTED_EDGE('',*,*,#933,.T.);
#660=ORIENTED_EDGE('',*,*,#914,.F.);
#661=ORIENTED_EDGE('',*,*,#931,.T.);
#662=ORIENTED_EDGE('',*,*,#978,.F.);
#663=ORIENTED_EDGE('',*,*,#821,.T.);
#664=ORIENTED_EDGE('',*,*,#835,.T.);
#665=ORIENTED_EDGE('',*,*,#1011,.T.);
#666=ORIENTED_EDGE('',*,*,#1012,.T.);
#667=ORIENTED_EDGE('',*,*,#823,.F.);
#668=ORIENTED_EDGE('',*,*,#1013,.T.);
#669=ORIENTED_EDGE('',*,*,#1000,.F.);
#670=ORIENTED_EDGE('',*,*,#929,.T.);
#671=ORIENTED_EDGE('',*,*,#925,.F.);
#672=ORIENTED_EDGE('',*,*,#927,.T.);
#673=ORIENTED_EDGE('',*,*,#994,.F.);
#674=ORIENTED_EDGE('',*,*,#839,.T.);
#675=ORIENTED_EDGE('',*,*,#853,.T.);
#676=ORIENTED_EDGE('',*,*,#1014,.T.);
#677=ORIENTED_EDGE('',*,*,#1015,.T.);
#678=ORIENTED_EDGE('',*,*,#844,.F.);
#679=ORIENTED_EDGE('',*,*,#1016,.T.);
#680=ORIENTED_EDGE('',*,*,#943,.F.);
#681=ORIENTED_EDGE('',*,*,#941,.T.);
#682=ORIENTED_EDGE('',*,*,#908,.F.);
#683=ORIENTED_EDGE('',*,*,#939,.T.);
#684=ORIENTED_EDGE('',*,*,#952,.F.);
#685=ORIENTED_EDGE('',*,*,#905,.T.);
#686=ORIENTED_EDGE('',*,*,#1017,.T.);
#687=ORIENTED_EDGE('',*,*,#1018,.T.);
#688=ORIENTED_EDGE('',*,*,#1019,.T.);
#689=ORIENTED_EDGE('',*,*,#1020,.F.);
#690=ORIENTED_EDGE('',*,*,#1021,.T.);
#691=ORIENTED_EDGE('',*,*,#956,.F.);
#692=ORIENTED_EDGE('',*,*,#937,.T.);
#693=ORIENTED_EDGE('',*,*,#911,.F.);
#694=ORIENTED_EDGE('',*,*,#935,.T.);
#695=ORIENTED_EDGE('',*,*,#965,.F.);
#696=ORIENTED_EDGE('',*,*,#916,.T.);
#697=ORIENTED_EDGE('',*,*,#920,.F.);
#698=ORIENTED_EDGE('',*,*,#922,.F.);
#699=ORIENTED_EDGE('',*,*,#923,.F.);
#700=ORIENTED_EDGE('',*,*,#1022,.F.);
#701=ORIENTED_EDGE('',*,*,#1023,.T.);
#702=ORIENTED_EDGE('',*,*,#987,.F.);
#703=ORIENTED_EDGE('',*,*,#957,.F.);
#704=ORIENTED_EDGE('',*,*,#1021,.F.);
#705=ORIENTED_EDGE('',*,*,#986,.F.);
#706=ORIENTED_EDGE('',*,*,#970,.F.);
#707=ORIENTED_EDGE('',*,*,#1010,.F.);
#708=ORIENTED_EDGE('',*,*,#809,.F.);
#709=ORIENTED_EDGE('',*,*,#1024,.T.);
#710=ORIENTED_EDGE('',*,*,#989,.F.);
#711=ORIENTED_EDGE('',*,*,#944,.F.);
#712=ORIENTED_EDGE('',*,*,#1016,.F.);
#713=ORIENTED_EDGE('',*,*,#843,.F.);
#714=ORIENTED_EDGE('',*,*,#1025,.T.);
#715=ORIENTED_EDGE('',*,*,#993,.F.);
#716=ORIENTED_EDGE('',*,*,#1001,.F.);
#717=ORIENTED_EDGE('',*,*,#1013,.F.);
#718=ORIENTED_EDGE('',*,*,#827,.F.);
#719=ORIENTED_EDGE('',*,*,#1026,.T.);
#720=ORIENTED_EDGE('',*,*,#901,.T.);
#721=ORIENTED_EDGE('',*,*,#1027,.T.);
#722=ORIENTED_EDGE('',*,*,#1022,.T.);
#723=ORIENTED_EDGE('',*,*,#1020,.T.);
#724=ORIENTED_EDGE('',*,*,#1028,.T.);
#725=ORIENTED_EDGE('',*,*,#899,.T.);
#726=ORIENTED_EDGE('',*,*,#1029,.T.);
#727=ORIENTED_EDGE('',*,*,#988,.F.);
#728=ORIENTED_EDGE('',*,*,#1030,.T.);
#729=ORIENTED_EDGE('',*,*,#904,.F.);
#730=ORIENTED_EDGE('',*,*,#1031,.T.);
#731=ORIENTED_EDGE('',*,*,#897,.F.);
#732=ORIENTED_EDGE('',*,*,#1032,.T.);
#733=ORIENTED_EDGE('',*,*,#1017,.F.);
#734=ORIENTED_EDGE('',*,*,#903,.F.);
#735=ORIENTED_EDGE('',*,*,#1029,.F.);
#736=ORIENTED_EDGE('',*,*,#898,.F.);
#737=ORIENTED_EDGE('',*,*,#1031,.F.);
#738=ORIENTED_EDGE('',*,*,#1023,.F.);
#739=ORIENTED_EDGE('',*,*,#1027,.F.);
#740=ORIENTED_EDGE('',*,*,#900,.F.);
#741=ORIENTED_EDGE('',*,*,#1030,.F.);
#742=ORIENTED_EDGE('',*,*,#1033,.F.);
#743=ORIENTED_EDGE('',*,*,#1018,.F.);
#744=ORIENTED_EDGE('',*,*,#1032,.F.);
#745=ORIENTED_EDGE('',*,*,#896,.F.);
#746=ORIENTED_EDGE('',*,*,#1019,.F.);
#747=ORIENTED_EDGE('',*,*,#1033,.T.);
#748=ORIENTED_EDGE('',*,*,#895,.F.);
#749=ORIENTED_EDGE('',*,*,#1028,.F.);
#750=ORIENTED_EDGE('',*,*,#1034,.F.);
#751=ORIENTED_EDGE('',*,*,#1008,.F.);
#752=ORIENTED_EDGE('',*,*,#815,.F.);
#753=ORIENTED_EDGE('',*,*,#855,.F.);
#754=ORIENTED_EDGE('',*,*,#1009,.F.);
#755=ORIENTED_EDGE('',*,*,#1034,.T.);
#756=ORIENTED_EDGE('',*,*,#854,.F.);
#757=ORIENTED_EDGE('',*,*,#806,.F.);
#758=ORIENTED_EDGE('',*,*,#801,.F.);
#759=ORIENTED_EDGE('',*,*,#811,.F.);
#760=ORIENTED_EDGE('',*,*,#856,.F.);
#761=ORIENTED_EDGE('',*,*,#817,.F.);
#762=ORIENTED_EDGE('',*,*,#1024,.F.);
#763=ORIENTED_EDGE('',*,*,#808,.F.);
#764=ORIENTED_EDGE('',*,*,#857,.F.);
#765=ORIENTED_EDGE('',*,*,#813,.F.);
#766=ORIENTED_EDGE('',*,*,#819,.F.);
#767=ORIENTED_EDGE('',*,*,#829,.F.);
#768=ORIENTED_EDGE('',*,*,#860,.F.);
#769=ORIENTED_EDGE('',*,*,#832,.F.);
#770=ORIENTED_EDGE('',*,*,#824,.F.);
#771=ORIENTED_EDGE('',*,*,#1012,.F.);
#772=ORIENTED_EDGE('',*,*,#1035,.F.);
#773=ORIENTED_EDGE('',*,*,#858,.F.);
#774=ORIENTED_EDGE('',*,*,#1011,.F.);
#775=ORIENTED_EDGE('',*,*,#834,.F.);
#776=ORIENTED_EDGE('',*,*,#859,.F.);
#777=ORIENTED_EDGE('',*,*,#1035,.T.);
#778=ORIENTED_EDGE('',*,*,#1026,.F.);
#779=ORIENTED_EDGE('',*,*,#826,.F.);
#780=ORIENTED_EDGE('',*,*,#861,.F.);
#781=ORIENTED_EDGE('',*,*,#831,.F.);
#782=ORIENTED_EDGE('',*,*,#1025,.F.);
#783=ORIENTED_EDGE('',*,*,#842,.F.);
#784=ORIENTED_EDGE('',*,*,#865,.F.);
#785=ORIENTED_EDGE('',*,*,#847,.F.);
#786=ORIENTED_EDGE('',*,*,#837,.F.);
#787=ORIENTED_EDGE('',*,*,#849,.F.);
#788=ORIENTED_EDGE('',*,*,#864,.F.);
#789=ORIENTED_EDGE('',*,*,#850,.F.);
#790=ORIENTED_EDGE('',*,*,#845,.F.);
#791=ORIENTED_EDGE('',*,*,#1015,.F.);
#792=ORIENTED_EDGE('',*,*,#1036,.F.);
#793=ORIENTED_EDGE('',*,*,#862,.F.);
#794=ORIENTED_EDGE('',*,*,#1014,.F.);
#795=ORIENTED_EDGE('',*,*,#852,.F.);
#796=ORIENTED_EDGE('',*,*,#863,.F.);
#797=ORIENTED_EDGE('',*,*,#1036,.T.);
#798=ORIENTED_EDGE('',*,*,#982,.F.);
#799=ORIENTED_EDGE('',*,*,#983,.F.);
#800=EDGE_CURVE('',#1037,#1038,#1194,.F.);
#801=EDGE_CURVE('',#1037,#1039,#298,.T.);
#802=EDGE_CURVE('',#1039,#1040,#82,.T.);
#803=EDGE_CURVE('',#1041,#1040,#1195,.T.);
#804=EDGE_CURVE('',#1038,#1041,#299,.T.);
#805=EDGE_CURVE('',#1042,#1043,#83,.T.);
#806=EDGE_CURVE('',#1043,#1044,#84,.T.);
#807=EDGE_CURVE('',#1044,#1045,#85,.T.);
#808=EDGE_CURVE('',#1045,#1046,#86,.T.);
#809=EDGE_CURVE('',#1046,#1042,#87,.T.);
#810=EDGE_CURVE('',#1047,#1048,#1196,.T.);
#811=EDGE_CURVE('',#1048,#1037,#88,.F.);
#812=EDGE_CURVE('',#1049,#1037,#1197,.F.);
#813=EDGE_CURVE('',#1049,#1047,#89,.T.);
#814=EDGE_CURVE('',#1050,#1051,#90,.T.);
#815=EDGE_CURVE('',#1050,#1052,#91,.T.);
#816=EDGE_CURVE('',#1040,#1052,#92,.T.);
#817=EDGE_CURVE('',#1039,#1051,#93,.T.);
#818=EDGE_CURVE('',#1053,#1054,#1198,.F.);
#819=EDGE_CURVE('',#1053,#1055,#300,.T.);
#820=EDGE_CURVE('',#1055,#1056,#94,.T.);
#821=EDGE_CURVE('',#1057,#1056,#1199,.T.);
#822=EDGE_CURVE('',#1054,#1057,#301,.T.);
#823=EDGE_CURVE('',#1058,#1059,#95,.T.);
#824=EDGE_CURVE('',#1059,#1060,#96,.T.);
#825=EDGE_CURVE('',#1060,#1061,#97,.T.);
#826=EDGE_CURVE('',#1061,#1062,#98,.T.);
#827=EDGE_CURVE('',#1062,#1058,#99,.T.);
#828=EDGE_CURVE('',#1063,#1064,#1200,.T.);
#829=EDGE_CURVE('',#1064,#1053,#100,.F.);
#830=EDGE_CURVE('',#1065,#1053,#1201,.F.);
#831=EDGE_CURVE('',#1065,#1063,#101,.T.);
#832=EDGE_CURVE('',#1055,#1066,#102,.T.);
#833=EDGE_CURVE('',#1067,#1066,#103,.T.);
#834=EDGE_CURVE('',#1067,#1068,#104,.T.);
#835=EDGE_CURVE('',#1056,#1068,#105,.T.);
#836=EDGE_CURVE('',#1069,#1070,#1202,.F.);
#837=EDGE_CURVE('',#1069,#1071,#302,.T.);
#838=EDGE_CURVE('',#1071,#1072,#106,.T.);
#839=EDGE_CURVE('',#1073,#1072,#1203,.T.);
#840=EDGE_CURVE('',#1070,#1073,#303,.T.);
#841=EDGE_CURVE('',#1074,#1075,#107,.T.);
#842=EDGE_CURVE('',#1075,#1076,#108,.T.);
#843=EDGE_CURVE('',#1076,#1077,#109,.T.);
#844=EDGE_CURVE('',#1077,#1078,#110,.T.);
#845=EDGE_CURVE('',#1078,#1074,#111,.T.);
#846=EDGE_CURVE('',#1079,#1069,#1204,.F.);
#847=EDGE_CURVE('',#1079,#1080,#112,.T.);
#848=EDGE_CURVE('',#1080,#1081,#1205,.T.);
#849=EDGE_CURVE('',#1081,#1069,#113,.F.);
#850=EDGE_CURVE('',#1071,#1082,#114,.T.);
#851=EDGE_CURVE('',#1083,#1082,#115,.T.);
#852=EDGE_CURVE('',#1083,#1084,#116,.T.);
#853=EDGE_CURVE('',#1072,#1084,#117,.T.);
#854=EDGE_CURVE('',#1044,#1085,#1206,.T.);
#855=EDGE_CURVE('',#1085,#1050,#1207,.T.);
#856=EDGE_CURVE('',#1051,#1048,#1208,.T.);
#857=EDGE_CURVE('',#1047,#1045,#1209,.T.);
#858=EDGE_CURVE('',#1060,#1086,#1210,.T.);
#859=EDGE_CURVE('',#1086,#1067,#1211,.T.);
#860=EDGE_CURVE('',#1066,#1064,#1212,.T.);
#861=EDGE_CURVE('',#1063,#1061,#1213,.T.);
#862=EDGE_CURVE('',#1074,#1087,#1214,.T.);
#863=EDGE_CURVE('',#1087,#1083,#1215,.T.);
#864=EDGE_CURVE('',#1082,#1081,#1216,.T.);
#865=EDGE_CURVE('',#1080,#1075,#1217,.T.);
#866=EDGE_CURVE('',#1088,#1089,#1218,.T.);
#867=EDGE_CURVE('',#1088,#1090,#118,.T.);
#868=EDGE_CURVE('',#1090,#1091,#1219,.T.);
#869=EDGE_CURVE('',#1091,#1092,#1220,.F.);
#870=EDGE_CURVE('',#1092,#1093,#1221,.T.);
#871=EDGE_CURVE('',#1089,#1093,#119,.T.);
#872=EDGE_CURVE('',#1094,#1095,#1222,.T.);
#873=EDGE_CURVE('',#1094,#1096,#120,.T.);
#874=EDGE_CURVE('',#1096,#1097,#1223,.T.);
#875=EDGE_CURVE('',#1097,#1098,#1224,.F.);
#876=EDGE_CURVE('',#1098,#1099,#1225,.T.);
#877=EDGE_CURVE('',#1095,#1099,#121,.T.);
#878=EDGE_CURVE('',#1100,#1101,#122,.T.);
#879=EDGE_CURVE('',#1102,#1100,#1226,.T.);
#880=EDGE_CURVE('',#1102,#1103,#123,.T.);
#881=EDGE_CURVE('',#1103,#1104,#1227,.T.);
#882=EDGE_CURVE('',#1104,#1105,#1228,.F.);
#883=EDGE_CURVE('',#1105,#1101,#1229,.T.);
#884=EDGE_CURVE('',#1106,#1107,#1230,.F.);
#885=EDGE_CURVE('',#1106,#1108,#304,.T.);
#886=EDGE_CURVE('',#1108,#1109,#1231,.T.);
#887=EDGE_CURVE('',#1109,#1107,#305,.T.);
#888=EDGE_CURVE('',#1110,#1110,#1232,.T.);
#889=EDGE_CURVE('',#1111,#1112,#1233,.T.);
#890=EDGE_CURVE('',#1111,#1113,#124,.T.);
#891=EDGE_CURVE('',#1113,#1114,#1234,.T.);
#892=EDGE_CURVE('',#1114,#1115,#1235,.F.);
#893=EDGE_CURVE('',#1115,#1116,#1236,.T.);
#894=EDGE_CURVE('',#1112,#1116,#125,.T.);
#895=EDGE_CURVE('',#1117,#1118,#1237,.T.);
#896=EDGE_CURVE('',#1118,#1119,#1238,.T.);
#897=EDGE_CURVE('',#1119,#1120,#126,.T.);
#898=EDGE_CURVE('',#1120,#1121,#1239,.T.);
#899=EDGE_CURVE('',#1122,#1121,#1240,.T.);
#900=EDGE_CURVE('',#1122,#1123,#1241,.T.);
#901=EDGE_CURVE('',#1117,#1123,#127,.T.);
#902=EDGE_CURVE('',#1124,#1125,#1242,.F.);
#903=EDGE_CURVE('',#1124,#1126,#306,.T.);
#904=EDGE_CURVE('',#1126,#1127,#128,.T.);
#905=EDGE_CURVE('',#1128,#1127,#1243,.T.);
#906=EDGE_CURVE('',#1125,#1128,#307,.T.);
#907=EDGE_CURVE('',#1114,#1129,#129,.T.);
#908=EDGE_CURVE('',#1129,#1130,#1244,.F.);
#909=EDGE_CURVE('',#1130,#1115,#130,.F.);
#910=EDGE_CURVE('',#1104,#1131,#131,.T.);
#911=EDGE_CURVE('',#1131,#1132,#1245,.F.);
#912=EDGE_CURVE('',#1132,#1105,#132,.F.);
#913=EDGE_CURVE('',#1097,#1133,#133,.T.);
#914=EDGE_CURVE('',#1133,#1134,#1246,.F.);
#915=EDGE_CURVE('',#1134,#1098,#134,.F.);
#916=EDGE_CURVE('',#1135,#1136,#1247,.F.);
#917=EDGE_CURVE('',#1106,#1135,#14,.T.);
#918=EDGE_CURVE('',#1107,#1136,#15,.T.);
#919=EDGE_CURVE('',#1109,#1137,#16,.T.);
#920=EDGE_CURVE('',#1137,#1136,#308,.T.);
#921=EDGE_CURVE('',#1108,#1138,#17,.T.);
#922=EDGE_CURVE('',#1138,#1137,#1248,.T.);
#923=EDGE_CURVE('',#1135,#1138,#309,.T.);
#924=EDGE_CURVE('',#1091,#1139,#135,.T.);
#925=EDGE_CURVE('',#1139,#1140,#1249,.F.);
#926=EDGE_CURVE('',#1140,#1092,#136,.F.);
#927=EDGE_CURVE('',#1139,#1141,#1250,.F.);
#928=EDGE_CURVE('',#1141,#1090,#137,.T.);
#929=EDGE_CURVE('',#1142,#1140,#1251,.F.);
#930=EDGE_CURVE('',#1093,#1142,#138,.T.);
#931=EDGE_CURVE('',#1133,#1143,#1252,.F.);
#932=EDGE_CURVE('',#1143,#1096,#139,.T.);
#933=EDGE_CURVE('',#1144,#1134,#1253,.F.);
#934=EDGE_CURVE('',#1099,#1144,#140,.T.);
#935=EDGE_CURVE('',#1131,#1145,#1254,.F.);
#936=EDGE_CURVE('',#1145,#1103,#141,.T.);
#937=EDGE_CURVE('',#1146,#1132,#1255,.F.);
#938=EDGE_CURVE('',#1101,#1146,#142,.T.);
#939=EDGE_CURVE('',#1129,#1147,#1256,.F.);
#940=EDGE_CURVE('',#1147,#1113,#143,.T.);
#941=EDGE_CURVE('',#1148,#1130,#1257,.F.);
#942=EDGE_CURVE('',#1116,#1148,#144,.T.);
#943=EDGE_CURVE('',#1148,#1149,#145,.T.);
#944=EDGE_CURVE('',#1149,#1150,#310,.T.);
#945=EDGE_CURVE('',#1150,#1151,#146,.T.);
#946=EDGE_CURVE('',#1152,#1151,#147,.T.);
#947=EDGE_CURVE('',#1152,#1153,#311,.T.);
#948=EDGE_CURVE('',#1153,#1112,#148,.T.);
#949=EDGE_CURVE('',#1154,#1155,#149,.T.);
#950=EDGE_CURVE('',#1154,#1152,#1258,.T.);
#951=EDGE_CURVE('',#1151,#1155,#1259,.T.);
#952=EDGE_CURVE('',#1128,#1147,#150,.T.);
#953=EDGE_CURVE('',#1156,#1111,#151,.T.);
#954=EDGE_CURVE('',#1156,#1154,#312,.T.);
#955=EDGE_CURVE('',#1125,#1155,#152,.T.);
#956=EDGE_CURVE('',#1146,#1157,#153,.T.);
#957=EDGE_CURVE('',#1157,#1158,#313,.T.);
#958=EDGE_CURVE('',#1158,#1159,#154,.T.);
#959=EDGE_CURVE('',#1160,#1159,#155,.T.);
#960=EDGE_CURVE('',#1160,#1161,#314,.T.);
#961=EDGE_CURVE('',#1161,#1100,#156,.T.);
#962=EDGE_CURVE('',#1162,#1163,#157,.T.);
#963=EDGE_CURVE('',#1162,#1160,#1260,.T.);
#964=EDGE_CURVE('',#1159,#1163,#1261,.T.);
#965=EDGE_CURVE('',#1041,#1145,#158,.T.);
#966=EDGE_CURVE('',#1164,#1102,#159,.T.);
#967=EDGE_CURVE('',#1164,#1162,#315,.T.);
#968=EDGE_CURVE('',#1038,#1163,#160,.T.);
#969=EDGE_CURVE('',#1144,#1165,#161,.T.);
#970=EDGE_CURVE('',#1165,#1166,#316,.T.);
#971=EDGE_CURVE('',#1166,#1167,#162,.T.);
#972=EDGE_CURVE('',#1168,#1167,#163,.T.);
#973=EDGE_CURVE('',#1168,#1169,#317,.T.);
#974=EDGE_CURVE('',#1169,#1095,#164,.T.);
#975=EDGE_CURVE('',#1170,#1171,#165,.T.);
#976=EDGE_CURVE('',#1170,#1168,#1262,.T.);
#977=EDGE_CURVE('',#1167,#1171,#1263,.T.);
#978=EDGE_CURVE('',#1057,#1143,#166,.T.);
#979=EDGE_CURVE('',#1172,#1094,#167,.T.);
#980=EDGE_CURVE('',#1172,#1170,#318,.T.);
#981=EDGE_CURVE('',#1054,#1171,#168,.T.);
#982=EDGE_CURVE('',#1173,#1173,#1264,.F.);
#983=EDGE_CURVE('',#1174,#1174,#1265,.T.);
#984=EDGE_CURVE('',#1175,#1175,#1266,.T.);
#985=EDGE_CURVE('',#1176,#1176,#1267,.T.);
#986=EDGE_CURVE('',#1166,#1049,#1268,.F.);
#987=EDGE_CURVE('',#1158,#1177,#1269,.F.);
#988=EDGE_CURVE('',#1177,#1124,#1270,.F.);
#989=EDGE_CURVE('',#1150,#1079,#1271,.F.);
#990=EDGE_CURVE('',#1070,#1178,#169,.T.);
#991=EDGE_CURVE('',#1179,#1178,#1272,.T.);
#992=EDGE_CURVE('',#1180,#1179,#170,.T.);
#993=EDGE_CURVE('',#1180,#1065,#1273,.F.);
#994=EDGE_CURVE('',#1073,#1141,#171,.T.);
#995=EDGE_CURVE('',#1181,#1088,#172,.T.);
#996=EDGE_CURVE('',#1181,#1182,#319,.T.);
#997=EDGE_CURVE('',#1182,#1178,#173,.T.);
#998=EDGE_CURVE('',#1182,#1183,#1274,.T.);
#999=EDGE_CURVE('',#1183,#1179,#174,.T.);
#1000=EDGE_CURVE('',#1142,#1184,#175,.T.);
#1001=EDGE_CURVE('',#1184,#1180,#320,.T.);
#1002=EDGE_CURVE('',#1183,#1185,#321,.T.);
#1003=EDGE_CURVE('',#1185,#1089,#176,.T.);
#1004=EDGE_CURVE('',#1169,#1172,#1275,.F.);
#1005=EDGE_CURVE('',#1161,#1164,#1276,.F.);
#1006=EDGE_CURVE('',#1153,#1156,#1277,.F.);
#1007=EDGE_CURVE('',#1185,#1181,#1278,.F.);
#1008=EDGE_CURVE('',#1052,#1186,#1279,.F.);
#1009=EDGE_CURVE('',#1186,#1043,#1280,.F.);
#1010=EDGE_CURVE('',#1042,#1165,#1281,.T.);
#1011=EDGE_CURVE('',#1068,#1187,#1282,.F.);
#1012=EDGE_CURVE('',#1187,#1059,#1283,.F.);
#1013=EDGE_CURVE('',#1058,#1184,#1284,.T.);
#1014=EDGE_CURVE('',#1084,#1188,#1285,.F.);
#1015=EDGE_CURVE('',#1188,#1078,#1286,.F.);
#1016=EDGE_CURVE('',#1077,#1149,#1287,.T.);
#1017=EDGE_CURVE('',#1127,#1189,#177,.T.);
#1018=EDGE_CURVE('',#1189,#1190,#1288,.F.);
#1019=EDGE_CURVE('',#1190,#1191,#1289,.F.);
#1020=EDGE_CURVE('',#1192,#1191,#178,.T.);
#1021=EDGE_CURVE('',#1192,#1157,#1290,.T.);
#1022=EDGE_CURVE('',#1193,#1192,#179,.T.);
#1023=EDGE_CURVE('',#1193,#1177,#322,.T.);
#1024=EDGE_CURVE('',#1046,#1049,#323,.T.);
#1025=EDGE_CURVE('',#1076,#1079,#324,.T.);
#1026=EDGE_CURVE('',#1062,#1065,#325,.T.);
#1027=EDGE_CURVE('',#1123,#1193,#180,.T.);
#1028=EDGE_CURVE('',#1191,#1117,#181,.T.);
#1029=EDGE_CURVE('',#1121,#1124,#182,.F.);
#1030=EDGE_CURVE('',#1177,#1122,#183,.T.);
#1031=EDGE_CURVE('',#1126,#1120,#184,.T.);
#1032=EDGE_CURVE('',#1119,#1189,#185,.T.);
#1033=EDGE_CURVE('',#1190,#1118,#186,.T.);
#1034=EDGE_CURVE('',#1186,#1085,#187,.T.);
#1035=EDGE_CURVE('',#1086,#1187,#188,.F.);
#1036=EDGE_CURVE('',#1087,#1188,#189,.F.);
#1037=VERTEX_POINT('',#2219);
#1038=VERTEX_POINT('',#2220);
#1039=VERTEX_POINT('',#2226);
#1040=VERTEX_POINT('',#2228);
#1041=VERTEX_POINT('',#2230);
#1042=VERTEX_POINT('',#2237);
#1043=VERTEX_POINT('',#2238);
#1044=VERTEX_POINT('',#2240);
#1045=VERTEX_POINT('',#2242);
#1046=VERTEX_POINT('',#2244);
#1047=VERTEX_POINT('',#2248);
#1048=VERTEX_POINT('',#2249);
#1049=VERTEX_POINT('',#2252);
#1050=VERTEX_POINT('',#2256);
#1051=VERTEX_POINT('',#2257);
#1052=VERTEX_POINT('',#2259);
#1053=VERTEX_POINT('',#2264);
#1054=VERTEX_POINT('',#2265);
#1055=VERTEX_POINT('',#2271);
#1056=VERTEX_POINT('',#2273);
#1057=VERTEX_POINT('',#2275);
#1058=VERTEX_POINT('',#2282);
#1059=VERTEX_POINT('',#2283);
#1060=VERTEX_POINT('',#2285);
#1061=VERTEX_POINT('',#2287);
#1062=VERTEX_POINT('',#2289);
#1063=VERTEX_POINT('',#2293);
#1064=VERTEX_POINT('',#2294);
#1065=VERTEX_POINT('',#2297);
#1066=VERTEX_POINT('',#2301);
#1067=VERTEX_POINT('',#2303);
#1068=VERTEX_POINT('',#2305);
#1069=VERTEX_POINT('',#2309);
#1070=VERTEX_POINT('',#2310);
#1071=VERTEX_POINT('',#2316);
#1072=VERTEX_POINT('',#2318);
#1073=VERTEX_POINT('',#2320);
#1074=VERTEX_POINT('',#2327);
#1075=VERTEX_POINT('',#2328);
#1076=VERTEX_POINT('',#2330);
#1077=VERTEX_POINT('',#2332);
#1078=VERTEX_POINT('',#2334);
#1079=VERTEX_POINT('',#2338);
#1080=VERTEX_POINT('',#2340);
#1081=VERTEX_POINT('',#2342);
#1082=VERTEX_POINT('',#2346);
#1083=VERTEX_POINT('',#2348);
#1084=VERTEX_POINT('',#2350);
#1085=VERTEX_POINT('',#2354);
#1086=VERTEX_POINT('',#2359);
#1087=VERTEX_POINT('',#2364);
#1088=VERTEX_POINT('',#2369);
#1089=VERTEX_POINT('',#2370);
#1090=VERTEX_POINT('',#2372);
#1091=VERTEX_POINT('',#2374);
#1092=VERTEX_POINT('',#2376);
#1093=VERTEX_POINT('',#2378);
#1094=VERTEX_POINT('',#2381);
#1095=VERTEX_POINT('',#2382);
#1096=VERTEX_POINT('',#2384);
#1097=VERTEX_POINT('',#2386);
#1098=VERTEX_POINT('',#2388);
#1099=VERTEX_POINT('',#2390);
#1100=VERTEX_POINT('',#2393);
#1101=VERTEX_POINT('',#2394);
#1102=VERTEX_POINT('',#2396);
#1103=VERTEX_POINT('',#2398);
#1104=VERTEX_POINT('',#2400);
#1105=VERTEX_POINT('',#2402);
#1106=VERTEX_POINT('',#2405);
#1107=VERTEX_POINT('',#2406);
#1108=VERTEX_POINT('',#2414);
#1109=VERTEX_POINT('',#2416);
#1110=VERTEX_POINT('',#2425);
#1111=VERTEX_POINT('',#2427);
#1112=VERTEX_POINT('',#2428);
#1113=VERTEX_POINT('',#2430);
#1114=VERTEX_POINT('',#2432);
#1115=VERTEX_POINT('',#2434);
#1116=VERTEX_POINT('',#2436);
#1117=VERTEX_POINT('',#2439);
#1118=VERTEX_POINT('',#2440);
#1119=VERTEX_POINT('',#2442);
#1120=VERTEX_POINT('',#2444);
#1121=VERTEX_POINT('',#2446);
#1122=VERTEX_POINT('',#2448);
#1123=VERTEX_POINT('',#2450);
#1124=VERTEX_POINT('',#2454);
#1125=VERTEX_POINT('',#2455);
#1126=VERTEX_POINT('',#2461);
#1127=VERTEX_POINT('',#2463);
#1128=VERTEX_POINT('',#2465);
#1129=VERTEX_POINT('',#2472);
#1130=VERTEX_POINT('',#2474);
#1131=VERTEX_POINT('',#2478);
#1132=VERTEX_POINT('',#2480);
#1133=VERTEX_POINT('',#2484);
#1134=VERTEX_POINT('',#2486);
#1135=VERTEX_POINT('',#2490);
#1136=VERTEX_POINT('',#2491);
#1137=VERTEX_POINT('',#2865);
#1138=VERTEX_POINT('',#2959);
#1139=VERTEX_POINT('',#3084);
#1140=VERTEX_POINT('',#3086);
#1141=VERTEX_POINT('',#3090);
#1142=VERTEX_POINT('',#3094);
#1143=VERTEX_POINT('',#3098);
#1144=VERTEX_POINT('',#3102);
#1145=VERTEX_POINT('',#3106);
#1146=VERTEX_POINT('',#3110);
#1147=VERTEX_POINT('',#3114);
#1148=VERTEX_POINT('',#3118);
#1149=VERTEX_POINT('',#3122);
#1150=VERTEX_POINT('',#3127);
#1151=VERTEX_POINT('',#3129);
#1152=VERTEX_POINT('',#3131);
#1153=VERTEX_POINT('',#3136);
#1154=VERTEX_POINT('',#3140);
#1155=VERTEX_POINT('',#3141);
#1156=VERTEX_POINT('',#3147);
#1157=VERTEX_POINT('',#3155);
#1158=VERTEX_POINT('',#3160);
#1159=VERTEX_POINT('',#3162);
#1160=VERTEX_POINT('',#3164);
#1161=VERTEX_POINT('',#3169);
#1162=VERTEX_POINT('',#3173);
#1163=VERTEX_POINT('',#3174);
#1164=VERTEX_POINT('',#3180);
#1165=VERTEX_POINT('',#3188);
#1166=VERTEX_POINT('',#3193);
#1167=VERTEX_POINT('',#3195);
#1168=VERTEX_POINT('',#3197);
#1169=VERTEX_POINT('',#3202);
#1170=VERTEX_POINT('',#3206);
#1171=VERTEX_POINT('',#3207);
#1172=VERTEX_POINT('',#3213);
#1173=VERTEX_POINT('',#3221);
#1174=VERTEX_POINT('',#3224);
#1175=VERTEX_POINT('',#3226);
#1176=VERTEX_POINT('',#3229);
#1177=VERTEX_POINT('',#3233);
#1178=VERTEX_POINT('',#3237);
#1179=VERTEX_POINT('',#3239);
#1180=VERTEX_POINT('',#3241);
#1181=VERTEX_POINT('',#3246);
#1182=VERTEX_POINT('',#3251);
#1183=VERTEX_POINT('',#3255);
#1184=VERTEX_POINT('',#3259);
#1185=VERTEX_POINT('',#3268);
#1186=VERTEX_POINT('',#3284);
#1187=VERTEX_POINT('',#3288);
#1188=VERTEX_POINT('',#3292);
#1189=VERTEX_POINT('',#3296);
#1190=VERTEX_POINT('',#3298);
#1191=VERTEX_POINT('',#3300);
#1192=VERTEX_POINT('',#3302);
#1193=VERTEX_POINT('',#3306);
#1194=CIRCLE('',#1585,0.024802506049034);
#1195=CIRCLE('',#1586,0.0207172203654633);
#1196=CIRCLE('',#1589,0.0248025060490336);
#1197=CIRCLE('',#1590,0.0248025060490336);
#1198=CIRCLE('',#1593,0.024802506049034);
#1199=CIRCLE('',#1594,0.0207172203654633);
#1200=CIRCLE('',#1597,0.0248025060490336);
#1201=CIRCLE('',#1598,0.0248025060490336);
#1202=CIRCLE('',#1601,0.0248025060490339);
#1203=CIRCLE('',#1602,0.0207172203654633);
#1204=CIRCLE('',#1605,0.0248025060490336);
#1205=CIRCLE('',#1606,0.0248025060490336);
#1206=CIRCLE('',#1609,0.003175);
#1207=CIRCLE('',#1610,0.003175);
#1208=CIRCLE('',#1611,0.003175);
#1209=CIRCLE('',#1612,0.003175);
#1210=CIRCLE('',#1613,0.003175);
#1211=CIRCLE('',#1614,0.003175);
#1212=CIRCLE('',#1615,0.003175);
#1213=CIRCLE('',#1616,0.003175);
#1214=CIRCLE('',#1617,0.003175);
#1215=CIRCLE('',#1618,0.003175);
#1216=CIRCLE('',#1619,0.003175);
#1217=CIRCLE('',#1620,0.003175);
#1218=CIRCLE('',#1621,0.0269875);
#1219=CIRCLE('',#1622,0.003175);
#1220=CIRCLE('',#1623,0.015875);
#1221=CIRCLE('',#1624,0.003175);
#1222=CIRCLE('',#1625,0.0269875);
#1223=CIRCLE('',#1626,0.003175);
#1224=CIRCLE('',#1627,0.015875);
#1225=CIRCLE('',#1628,0.003175);
#1226=CIRCLE('',#1629,0.0269875);
#1227=CIRCLE('',#1630,0.003175);
#1228=CIRCLE('',#1631,0.015875);
#1229=CIRCLE('',#1632,0.003175);
#1230=CIRCLE('',#1633,0.0112);
#1231=CIRCLE('',#1634,0.0103881011839521);
#1232=CIRCLE('',#1635,0.03175);
#1233=CIRCLE('',#1636,0.0269875);
#1234=CIRCLE('',#1637,0.003175);
#1235=CIRCLE('',#1638,0.015875);
#1236=CIRCLE('',#1639,0.003175);
#1237=CIRCLE('',#1640,0.003175);
#1238=CIRCLE('',#1641,0.003175);
#1239=CIRCLE('',#1642,0.003175);
#1240=CIRCLE('',#1643,0.0248025060490336);
#1241=CIRCLE('',#1644,0.003175);
#1242=CIRCLE('',#1646,0.024802506049034);
#1243=CIRCLE('',#1647,0.0207172203654633);
#1244=CIRCLE('',#1649,0.015875);
#1245=CIRCLE('',#1651,0.015875);
#1246=CIRCLE('',#1653,0.015875);
#1247=CIRCLE('',#1655,0.0112);
#1248=CIRCLE('',#1657,0.0103881011839521);
#1249=CIRCLE('',#1659,0.015875);
#1250=CIRCLE('',#1661,0.003175);
#1251=CIRCLE('',#1663,0.003175);
#1252=CIRCLE('',#1665,0.003175);
#1253=CIRCLE('',#1667,0.003175);
#1254=CIRCLE('',#1669,0.003175);
#1255=CIRCLE('',#1671,0.003175);
#1256=CIRCLE('',#1673,0.003175);
#1257=CIRCLE('',#1675,0.003175);
#1258=CIRCLE('',#1678,0.026035);
#1259=CIRCLE('',#1679,0.026035);
#1260=CIRCLE('',#1683,0.026035);
#1261=CIRCLE('',#1684,0.026035);
#1262=CIRCLE('',#1688,0.026035);
#1263=CIRCLE('',#1689,0.026035);
#1264=CIRCLE('',#1692,0.03175);
#1265=CIRCLE('',#1694,0.0277905318538976);
#1266=CIRCLE('',#1695,0.027432);
#1267=CIRCLE('',#1697,0.027432);
#1268=CIRCLE('',#1699,0.024802506049034);
#1269=CIRCLE('',#1700,0.024802506049034);
#1270=CIRCLE('',#1701,0.0248025060490336);
#1271=CIRCLE('',#1702,0.0248025060490339);
#1272=CIRCLE('',#1703,0.026035);
#1273=CIRCLE('',#1704,0.024802506049034);
#1274=CIRCLE('',#1707,0.026035);
#1275=CIRCLE('',#1710,0.0269875);
#1276=CIRCLE('',#1712,0.0269875);
#1277=CIRCLE('',#1714,0.0269875);
#1278=CIRCLE('',#1716,0.0269875);
#1279=CIRCLE('',#1722,0.003175);
#1280=CIRCLE('',#1723,0.003175);
#1281=CIRCLE('',#1724,0.0207172203654633);
#1282=CIRCLE('',#1725,0.003175);
#1283=CIRCLE('',#1726,0.003175);
#1284=CIRCLE('',#1727,0.0207172203654633);
#1285=CIRCLE('',#1728,0.003175);
#1286=CIRCLE('',#1729,0.003175);
#1287=CIRCLE('',#1730,0.0207172203654633);
#1288=CIRCLE('',#1731,0.003175);
#1289=CIRCLE('',#1732,0.003175);
#1290=CIRCLE('',#1733,0.0207172203654633);
#1291=EDGE_LOOP('',(#326,#327,#328,#329,#330));
#1292=EDGE_LOOP('',(#331,#332,#333,#334,#335));
#1293=EDGE_LOOP('',(#336,#337,#338,#339));
#1294=EDGE_LOOP('',(#340,#341,#342,#343,#344));
#1295=EDGE_LOOP('',(#345,#346,#347,#348,#349));
#1296=EDGE_LOOP('',(#350,#351,#352,#353,#354));
#1297=EDGE_LOOP('',(#355,#356,#357,#358));
#1298=EDGE_LOOP('',(#359,#360,#361,#362,#363));
#1299=EDGE_LOOP('',(#364,#365,#366,#367,#368));
#1300=EDGE_LOOP('',(#369,#370,#371,#372,#373));
#1301=EDGE_LOOP('',(#374,#375,#376,#377));
#1302=EDGE_LOOP('',(#378,#379,#380,#381,#382));
#1303=EDGE_LOOP('',(#383,#384,#385,#386,#387,#388,#389));
#1304=EDGE_LOOP('',(#390,#391,#392,#393,#394,#395,#396));
#1305=EDGE_LOOP('',(#397,#398,#399,#400,#401,#402,#403));
#1306=EDGE_LOOP('',(#404,#405,#406,#407,#408,#409));
#1307=EDGE_LOOP('',(#410,#411,#412,#413,#414,#415));
#1308=EDGE_LOOP('',(#416,#417,#418,#419,#420,#421));
#1309=EDGE_LOOP('',(#422,#423,#424,#425));
#1310=EDGE_LOOP('',(#426));
#1311=EDGE_LOOP('',(#427,#428,#429,#430,#431,#432));
#1312=EDGE_LOOP('',(#433,#434,#435,#436,#437,#438,#439));
#1313=EDGE_LOOP('',(#440,#441,#442,#443,#444));
#1314=EDGE_LOOP('',(#445,#446,#447,#448));
#1315=EDGE_LOOP('',(#449,#450,#451,#452));
#1316=EDGE_LOOP('',(#453,#454,#455,#456));
#1317=EDGE_LOOP('',(#457,#458,#459,#460));
#1318=EDGE_LOOP('',(#461,#462,#463,#464));
#1319=EDGE_LOOP('',(#465,#466,#467,#468));
#1320=EDGE_LOOP('',(#469,#470,#471,#472));
#1321=EDGE_LOOP('',(#473,#474,#475,#476));
#1322=EDGE_LOOP('',(#477,#478,#479,#480));
#1323=EDGE_LOOP('',(#481,#482,#483,#484));
#1324=EDGE_LOOP('',(#485,#486,#487,#488));
#1325=EDGE_LOOP('',(#489,#490,#491,#492));
#1326=EDGE_LOOP('',(#493,#494,#495,#496));
#1327=EDGE_LOOP('',(#497,#498,#499,#500));
#1328=EDGE_LOOP('',(#501,#502,#503,#504));
#1329=EDGE_LOOP('',(#505,#506,#507,#508));
#1330=EDGE_LOOP('',(#509,#510,#511,#512,#513,#514,#515,#516));
#1331=EDGE_LOOP('',(#517,#518,#519,#520));
#1332=EDGE_LOOP('',(#521,#522,#523,#524,#525,#526,#527,#528));
#1333=EDGE_LOOP('',(#529,#530,#531,#532,#533,#534,#535,#536));
#1334=EDGE_LOOP('',(#537,#538,#539,#540));
#1335=EDGE_LOOP('',(#541,#542,#543,#544,#545,#546,#547,#548));
#1336=EDGE_LOOP('',(#549,#550,#551,#552,#553,#554,#555,#556));
#1337=EDGE_LOOP('',(#557,#558,#559,#560));
#1338=EDGE_LOOP('',(#561,#562,#563,#564,#565,#566,#567,#568));
#1339=EDGE_LOOP('',(#569));
#1340=EDGE_LOOP('',(#570));
#1341=EDGE_LOOP('',(#571));
#1342=EDGE_LOOP('',(#572));
#1343=EDGE_LOOP('',(#573));
#1344=EDGE_LOOP('',(#574));
#1345=EDGE_LOOP('',(#575,#576,#577,#578,#579,#580,#581,#582,#583,#584,#585,
#586,#587,#588,#589,#590,#591,#592,#593,#594,#595,#596,#597,#598));
#1346=EDGE_LOOP('',(#599));
#1347=EDGE_LOOP('',(#600,#601,#602,#603,#604,#605,#606,#607));
#1348=EDGE_LOOP('',(#608,#609,#610,#611));
#1349=EDGE_LOOP('',(#612,#613,#614,#615,#616,#617,#618,#619));
#1350=EDGE_LOOP('',(#620,#621,#622,#623));
#1351=EDGE_LOOP('',(#624,#625,#626,#627));
#1352=EDGE_LOOP('',(#628,#629,#630,#631));
#1353=EDGE_LOOP('',(#632,#633,#634,#635));
#1354=EDGE_LOOP('',(#636,#637,#638,#639));
#1355=EDGE_LOOP('',(#640,#641,#642,#643));
#1356=EDGE_LOOP('',(#644,#645,#646,#647));
#1357=EDGE_LOOP('',(#648,#649,#650,#651));
#1358=EDGE_LOOP('',(#652,#653,#654,#655,#656,#657,#658,#659,#660,#661,#662,
#663,#664,#665,#666,#667,#668,#669,#670,#671,#672,#673,#674,#675,#676,#677,
#678,#679,#680,#681,#682,#683,#684,#685,#686,#687,#688,#689,#690,#691,#692,
#693,#694,#695));
#1359=EDGE_LOOP('',(#696,#697,#698,#699));
#1360=EDGE_LOOP('',(#700,#701,#702,#703,#704));
#1361=EDGE_LOOP('',(#705,#706,#707,#708,#709));
#1362=EDGE_LOOP('',(#710,#711,#712,#713,#714));
#1363=EDGE_LOOP('',(#715,#716,#717,#718,#719));
#1364=EDGE_LOOP('',(#720,#721,#722,#723,#724));
#1365=EDGE_LOOP('',(#725,#726,#727,#728));
#1366=EDGE_LOOP('',(#729,#730,#731,#732,#733));
#1367=EDGE_LOOP('',(#734,#735,#736,#737));
#1368=EDGE_LOOP('',(#738,#739,#740,#741));
#1369=EDGE_LOOP('',(#742,#743,#744,#745));
#1370=EDGE_LOOP('',(#746,#747,#748,#749));
#1371=EDGE_LOOP('',(#750,#751,#752,#753));
#1372=EDGE_LOOP('',(#754,#755,#756,#757));
#1373=EDGE_LOOP('',(#758,#759,#760,#761));
#1374=EDGE_LOOP('',(#762,#763,#764,#765));
#1375=EDGE_LOOP('',(#766,#767,#768,#769));
#1376=EDGE_LOOP('',(#770,#771,#772,#773));
#1377=EDGE_LOOP('',(#774,#775,#776,#777));
#1378=EDGE_LOOP('',(#778,#779,#780,#781));
#1379=EDGE_LOOP('',(#782,#783,#784,#785));
#1380=EDGE_LOOP('',(#786,#787,#788,#789));
#1381=EDGE_LOOP('',(#790,#791,#792,#793));
#1382=EDGE_LOOP('',(#794,#795,#796,#797));
#1383=EDGE_LOOP('',(#798));
#1384=EDGE_LOOP('',(#799));
#1385=FACE_BOUND('',#1291,.T.);
#1386=FACE_BOUND('',#1292,.T.);
#1387=FACE_BOUND('',#1293,.T.);
#1388=FACE_BOUND('',#1294,.T.);
#1389=FACE_BOUND('',#1295,.T.);
#1390=FACE_BOUND('',#1296,.T.);
#1391=FACE_BOUND('',#1297,.T.);
#1392=FACE_BOUND('',#1298,.T.);
#1393=FACE_BOUND('',#1299,.T.);
#1394=FACE_BOUND('',#1300,.T.);
#1395=FACE_BOUND('',#1301,.T.);
#1396=FACE_BOUND('',#1302,.T.);
#1397=FACE_BOUND('',#1303,.T.);
#1398=FACE_BOUND('',#1304,.T.);
#1399=FACE_BOUND('',#1305,.T.);
#1400=FACE_BOUND('',#1306,.T.);
#1401=FACE_BOUND('',#1307,.T.);
#1402=FACE_BOUND('',#1308,.T.);
#1403=FACE_BOUND('',#1309,.T.);
#1404=FACE_BOUND('',#1310,.T.);
#1405=FACE_BOUND('',#1311,.T.);
#1406=FACE_BOUND('',#1312,.T.);
#1407=FACE_BOUND('',#1313,.T.);
#1408=FACE_BOUND('',#1314,.T.);
#1409=FACE_BOUND('',#1315,.T.);
#1410=FACE_BOUND('',#1316,.T.);
#1411=FACE_BOUND('',#1317,.T.);
#1412=FACE_BOUND('',#1318,.T.);
#1413=FACE_BOUND('',#1319,.T.);
#1414=FACE_BOUND('',#1320,.T.);
#1415=FACE_BOUND('',#1321,.T.);
#1416=FACE_BOUND('',#1322,.T.);
#1417=FACE_BOUND('',#1323,.T.);
#1418=FACE_BOUND('',#1324,.T.);
#1419=FACE_BOUND('',#1325,.T.);
#1420=FACE_BOUND('',#1326,.T.);
#1421=FACE_BOUND('',#1327,.T.);
#1422=FACE_BOUND('',#1328,.T.);
#1423=FACE_BOUND('',#1329,.T.);
#1424=FACE_BOUND('',#1330,.T.);
#1425=FACE_BOUND('',#1331,.T.);
#1426=FACE_BOUND('',#1332,.T.);
#1427=FACE_BOUND('',#1333,.T.);
#1428=FACE_BOUND('',#1334,.T.);
#1429=FACE_BOUND('',#1335,.T.);
#1430=FACE_BOUND('',#1336,.T.);
#1431=FACE_BOUND('',#1337,.T.);
#1432=FACE_BOUND('',#1338,.T.);
#1433=FACE_BOUND('',#1339,.T.);
#1434=FACE_BOUND('',#1340,.T.);
#1435=FACE_BOUND('',#1341,.T.);
#1436=FACE_BOUND('',#1342,.T.);
#1437=FACE_BOUND('',#1343,.T.);
#1438=FACE_BOUND('',#1344,.T.);
#1439=FACE_BOUND('',#1345,.T.);
#1440=FACE_BOUND('',#1346,.T.);
#1441=FACE_BOUND('',#1347,.T.);
#1442=FACE_BOUND('',#1348,.T.);
#1443=FACE_BOUND('',#1349,.T.);
#1444=FACE_BOUND('',#1350,.T.);
#1445=FACE_BOUND('',#1351,.T.);
#1446=FACE_BOUND('',#1352,.T.);
#1447=FACE_BOUND('',#1353,.T.);
#1448=FACE_BOUND('',#1354,.T.);
#1449=FACE_BOUND('',#1355,.T.);
#1450=FACE_BOUND('',#1356,.T.);
#1451=FACE_BOUND('',#1357,.T.);
#1452=FACE_BOUND('',#1358,.T.);
#1453=FACE_BOUND('',#1359,.T.);
#1454=FACE_BOUND('',#1360,.T.);
#1455=FACE_BOUND('',#1361,.T.);
#1456=FACE_BOUND('',#1362,.T.);
#1457=FACE_BOUND('',#1363,.T.);
#1458=FACE_BOUND('',#1364,.T.);
#1459=FACE_BOUND('',#1365,.T.);
#1460=FACE_BOUND('',#1366,.T.);
#1461=FACE_BOUND('',#1367,.T.);
#1462=FACE_BOUND('',#1368,.T.);
#1463=FACE_BOUND('',#1369,.T.);
#1464=FACE_BOUND('',#1370,.T.);
#1465=FACE_BOUND('',#1371,.T.);
#1466=FACE_BOUND('',#1372,.T.);
#1467=FACE_BOUND('',#1373,.T.);
#1468=FACE_BOUND('',#1374,.T.);
#1469=FACE_BOUND('',#1375,.T.);
#1470=FACE_BOUND('',#1376,.T.);
#1471=FACE_BOUND('',#1377,.T.);
#1472=FACE_BOUND('',#1378,.T.);
#1473=FACE_BOUND('',#1379,.T.);
#1474=FACE_BOUND('',#1380,.T.);
#1475=FACE_BOUND('',#1381,.T.);
#1476=FACE_BOUND('',#1382,.T.);
#1477=FACE_BOUND('',#1383,.T.);
#1478=FACE_BOUND('',#1384,.T.);
#1479=CONICAL_SURFACE('',#1584,0.0202305060490339,1.13446401379631);
#1480=CONICAL_SURFACE('',#1592,0.0202305060490339,1.13446401379631);
#1481=CONICAL_SURFACE('',#1600,0.0202305060490339,1.13446401379631);
#1482=CONICAL_SURFACE('',#1645,0.0202305060490339,1.13446401379631);
#1483=CONICAL_SURFACE('',#1717,0.026035,0.523598775598299);
#1484=CONICAL_SURFACE('',#1718,0.026035,0.523598775598299);
#1485=CONICAL_SURFACE('',#1719,0.026035,0.523598775598299);
#1486=CONICAL_SURFACE('',#1720,0.026035,0.523598775598299);
#1487=CONICAL_SURFACE('',#1734,0.0202305060490339,1.13446401379631);
#1488=CONICAL_SURFACE('',#1735,0.0202305060490339,1.13446401379631);
#1489=CONICAL_SURFACE('',#1736,0.0202305060490339,1.13446401379631);
#1490=CONICAL_SURFACE('',#1737,0.0202305060490339,1.13446401379631);
#1491=CONICAL_SURFACE('',#1757,0.0277905318538976,1.0471975511966);
#1492=ADVANCED_FACE('',(#1385),#1479,.F.);
#1493=ADVANCED_FACE('',(#1386),#62,.F.);
#1494=ADVANCED_FACE('',(#1387),#18,.F.);
#1495=ADVANCED_FACE('',(#1388),#63,.T.);
#1496=ADVANCED_FACE('',(#1389),#1480,.F.);
#1497=ADVANCED_FACE('',(#1390),#64,.F.);
#1498=ADVANCED_FACE('',(#1391),#19,.F.);
#1499=ADVANCED_FACE('',(#1392),#65,.T.);
#1500=ADVANCED_FACE('',(#1393),#1481,.F.);
#1501=ADVANCED_FACE('',(#1394),#66,.F.);
#1502=ADVANCED_FACE('',(#1395),#20,.F.);
#1503=ADVANCED_FACE('',(#1396),#67,.T.);
#1504=ADVANCED_FACE('',(#1397,#1398,#1399,#1400,#1401,#1402,#1403,#1404,
#1405,#1406),#68,.F.);
#1505=ADVANCED_FACE('',(#1407),#1482,.F.);
#1506=ADVANCED_FACE('',(#1408),#21,.T.);
#1507=ADVANCED_FACE('',(#1409),#22,.T.);
#1508=ADVANCED_FACE('',(#1410),#23,.T.);
#1509=ADVANCED_FACE('',(#1411),#24,.F.);
#1510=ADVANCED_FACE('',(#1412),#12,.T.);
#1511=ADVANCED_FACE('',(#1413),#25,.F.);
#1512=ADVANCED_FACE('',(#1414),#13,.T.);
#1513=ADVANCED_FACE('',(#1415),#26,.T.);
#1514=ADVANCED_FACE('',(#1416),#27,.F.);
#1515=ADVANCED_FACE('',(#1417),#28,.F.);
#1516=ADVANCED_FACE('',(#1418),#29,.F.);
#1517=ADVANCED_FACE('',(#1419),#30,.F.);
#1518=ADVANCED_FACE('',(#1420),#31,.F.);
#1519=ADVANCED_FACE('',(#1421),#32,.F.);
#1520=ADVANCED_FACE('',(#1422),#33,.F.);
#1521=ADVANCED_FACE('',(#1423),#34,.F.);
#1522=ADVANCED_FACE('',(#1424),#69,.F.);
#1523=ADVANCED_FACE('',(#1425),#35,.F.);
#1524=ADVANCED_FACE('',(#1426),#70,.T.);
#1525=ADVANCED_FACE('',(#1427),#71,.F.);
#1526=ADVANCED_FACE('',(#1428),#36,.F.);
#1527=ADVANCED_FACE('',(#1429),#72,.T.);
#1528=ADVANCED_FACE('',(#1430),#73,.F.);
#1529=ADVANCED_FACE('',(#1431),#37,.F.);
#1530=ADVANCED_FACE('',(#1432),#74,.T.);
#1531=ADVANCED_FACE('',(#1433,#1434),#38,.T.);
#1532=ADVANCED_FACE('',(#1435,#1436),#75,.T.);
#1533=ADVANCED_FACE('',(#1437,#1438),#39,.F.);
#1534=ADVANCED_FACE('',(#1439,#1440),#76,.T.);
#1535=ADVANCED_FACE('',(#1441),#77,.T.);
#1536=ADVANCED_FACE('',(#1442),#40,.F.);
#1537=ADVANCED_FACE('',(#1443),#78,.F.);
#1538=ADVANCED_FACE('',(#1444),#41,.F.);
#1539=ADVANCED_FACE('',(#1445),#42,.F.);
#1540=ADVANCED_FACE('',(#1446),#43,.F.);
#1541=ADVANCED_FACE('',(#1447),#44,.F.);
#1542=ADVANCED_FACE('',(#1448),#1483,.F.);
#1543=ADVANCED_FACE('',(#1449),#1484,.F.);
#1544=ADVANCED_FACE('',(#1450),#1485,.F.);
#1545=ADVANCED_FACE('',(#1451),#1486,.F.);
#1546=ADVANCED_FACE('',(#1452,#1453),#79,.T.);
#1547=ADVANCED_FACE('',(#1454),#1487,.F.);
#1548=ADVANCED_FACE('',(#1455),#1488,.F.);
#1549=ADVANCED_FACE('',(#1456),#1489,.F.);
#1550=ADVANCED_FACE('',(#1457),#1490,.F.);
#1551=ADVANCED_FACE('',(#1458),#80,.F.);
#1552=ADVANCED_FACE('',(#1459),#45,.F.);
#1553=ADVANCED_FACE('',(#1460),#81,.T.);
#1554=ADVANCED_FACE('',(#1461),#46,.F.);
#1555=ADVANCED_FACE('',(#1462),#47,.F.);
#1556=ADVANCED_FACE('',(#1463),#48,.F.);
#1557=ADVANCED_FACE('',(#1464),#49,.F.);
#1558=ADVANCED_FACE('',(#1465),#50,.F.);
#1559=ADVANCED_FACE('',(#1466),#51,.F.);
#1560=ADVANCED_FACE('',(#1467),#52,.F.);
#1561=ADVANCED_FACE('',(#1468),#53,.F.);
#1562=ADVANCED_FACE('',(#1469),#54,.F.);
#1563=ADVANCED_FACE('',(#1470),#55,.F.);
#1564=ADVANCED_FACE('',(#1471),#56,.F.);
#1565=ADVANCED_FACE('',(#1472),#57,.F.);
#1566=ADVANCED_FACE('',(#1473),#58,.F.);
#1567=ADVANCED_FACE('',(#1474),#59,.F.);
#1568=ADVANCED_FACE('',(#1475),#60,.F.);
#1569=ADVANCED_FACE('',(#1476),#61,.F.);
#1570=ADVANCED_FACE('',(#1477,#1478),#1491,.T.);
#1571=CLOSED_SHELL('',(#1492,#1493,#1494,#1495,#1496,#1497,#1498,#1499,
#1500,#1501,#1502,#1503,#1504,#1505,#1506,#1507,#1508,#1509,#1510,#1511,
#1512,#1513,#1514,#1515,#1516,#1517,#1518,#1519,#1520,#1521,#1522,#1523,
#1524,#1525,#1526,#1527,#1528,#1529,#1530,#1531,#1532,#1533,#1534,#1535,
#1536,#1537,#1538,#1539,#1540,#1541,#1542,#1543,#1544,#1545,#1546,#1547,
#1548,#1549,#1550,#1551,#1552,#1553,#1554,#1555,#1556,#1557,#1558,#1559,
#1560,#1561,#1562,#1563,#1564,#1565,#1566,#1567,#1568,#1569,#1570));
#1572=STYLED_ITEM('',(#1573),#1580);
#1573=PRESENTATION_STYLE_ASSIGNMENT((#1574));
#1574=SURFACE_STYLE_USAGE(.BOTH.,#1575);
#1575=SURFACE_SIDE_STYLE('',(#1576));
#1576=SURFACE_STYLE_FILL_AREA(#1577);
#1577=FILL_AREA_STYLE('',(#1578));
#1578=FILL_AREA_STYLE_COLOUR('',#1579);
#1579=COLOUR_RGB('',0.615686274509804,0.811764705882353,0.929411764705882);
#1580=MANIFOLD_SOLID_BREP('Part 1',#1571);
#1581=SHAPE_DEFINITION_REPRESENTATION(#3366,#1582);
#1582=SHAPE_REPRESENTATION('Part 1',(#1583),#3361);
#1583=AXIS2_PLACEMENT_3D('',#2216,#1758,#1759);
#1584=AXIS2_PLACEMENT_3D('',#2217,#1760,#1761);
#1585=AXIS2_PLACEMENT_3D('',#2218,#1762,#1763);
#1586=AXIS2_PLACEMENT_3D('',#2229,#1765,#1766);
#1587=AXIS2_PLACEMENT_3D('',#2235,#1767,#1768);
#1588=AXIS2_PLACEMENT_3D('',#2246,#1774,#1775);
#1589=AXIS2_PLACEMENT_3D('',#2247,#1776,#1777);
#1590=AXIS2_PLACEMENT_3D('',#2251,#1779,#1780);
#1591=AXIS2_PLACEMENT_3D('',#2254,#1782,#1783);
#1592=AXIS2_PLACEMENT_3D('',#2262,#1788,#1789);
#1593=AXIS2_PLACEMENT_3D('',#2263,#1790,#1791);
#1594=AXIS2_PLACEMENT_3D('',#2274,#1793,#1794);
#1595=AXIS2_PLACEMENT_3D('',#2280,#1795,#1796);
#1596=AXIS2_PLACEMENT_3D('',#2291,#1802,#1803);
#1597=AXIS2_PLACEMENT_3D('',#2292,#1804,#1805);
#1598=AXIS2_PLACEMENT_3D('',#2296,#1807,#1808);
#1599=AXIS2_PLACEMENT_3D('',#2299,#1810,#1811);
#1600=AXIS2_PLACEMENT_3D('',#2307,#1816,#1817);
#1601=AXIS2_PLACEMENT_3D('',#2308,#1818,#1819);
#1602=AXIS2_PLACEMENT_3D('',#2319,#1821,#1822);
#1603=AXIS2_PLACEMENT_3D('',#2325,#1823,#1824);
#1604=AXIS2_PLACEMENT_3D('',#2336,#1830,#1831);
#1605=AXIS2_PLACEMENT_3D('',#2337,#1832,#1833);
#1606=AXIS2_PLACEMENT_3D('',#2341,#1835,#1836);
#1607=AXIS2_PLACEMENT_3D('',#2344,#1838,#1839);
#1608=AXIS2_PLACEMENT_3D('',#2352,#1844,#1845);
#1609=AXIS2_PLACEMENT_3D('',#2353,#1846,#1847);
#1610=AXIS2_PLACEMENT_3D('',#2355,#1848,#1849);
#1611=AXIS2_PLACEMENT_3D('',#2356,#1850,#1851);
#1612=AXIS2_PLACEMENT_3D('',#2357,#1852,#1853);
#1613=AXIS2_PLACEMENT_3D('',#2358,#1854,#1855);
#1614=AXIS2_PLACEMENT_3D('',#2360,#1856,#1857);
#1615=AXIS2_PLACEMENT_3D('',#2361,#1858,#1859);
#1616=AXIS2_PLACEMENT_3D('',#2362,#1860,#1861);
#1617=AXIS2_PLACEMENT_3D('',#2363,#1862,#1863);
#1618=AXIS2_PLACEMENT_3D('',#2365,#1864,#1865);
#1619=AXIS2_PLACEMENT_3D('',#2366,#1866,#1867);
#1620=AXIS2_PLACEMENT_3D('',#2367,#1868,#1869);
#1621=AXIS2_PLACEMENT_3D('',#2368,#1870,#1871);
#1622=AXIS2_PLACEMENT_3D('',#2373,#1873,#1874);
#1623=AXIS2_PLACEMENT_3D('',#2375,#1875,#1876);
#1624=AXIS2_PLACEMENT_3D('',#2377,#1877,#1878);
#1625=AXIS2_PLACEMENT_3D('',#2380,#1880,#1881);
#1626=AXIS2_PLACEMENT_3D('',#2385,#1883,#1884);
#1627=AXIS2_PLACEMENT_3D('',#2387,#1885,#1886);
#1628=AXIS2_PLACEMENT_3D('',#2389,#1887,#1888);
#1629=AXIS2_PLACEMENT_3D('',#2395,#1891,#1892);
#1630=AXIS2_PLACEMENT_3D('',#2399,#1894,#1895);
#1631=AXIS2_PLACEMENT_3D('',#2401,#1896,#1897);
#1632=AXIS2_PLACEMENT_3D('',#2403,#1898,#1899);
#1633=AXIS2_PLACEMENT_3D('',#2404,#1900,#1901);
#1634=AXIS2_PLACEMENT_3D('',#2415,#1902,#1903);
#1635=AXIS2_PLACEMENT_3D('',#2424,#1904,#1905);
#1636=AXIS2_PLACEMENT_3D('',#2426,#1906,#1907);
#1637=AXIS2_PLACEMENT_3D('',#2431,#1909,#1910);
#1638=AXIS2_PLACEMENT_3D('',#2433,#1911,#1912);
#1639=AXIS2_PLACEMENT_3D('',#2435,#1913,#1914);
#1640=AXIS2_PLACEMENT_3D('',#2438,#1916,#1917);
#1641=AXIS2_PLACEMENT_3D('',#2441,#1918,#1919);
#1642=AXIS2_PLACEMENT_3D('',#2445,#1921,#1922);
#1643=AXIS2_PLACEMENT_3D('',#2447,#1923,#1924);
#1644=AXIS2_PLACEMENT_3D('',#2449,#1925,#1926);
#1645=AXIS2_PLACEMENT_3D('',#2452,#1928,#1929);
#1646=AXIS2_PLACEMENT_3D('',#2453,#1930,#1931);
#1647=AXIS2_PLACEMENT_3D('',#2464,#1933,#1934);
#1648=AXIS2_PLACEMENT_3D('',#2470,#1935,#1936);
#1649=AXIS2_PLACEMENT_3D('',#2473,#1938,#1939);
#1650=AXIS2_PLACEMENT_3D('',#2476,#1941,#1942);
#1651=AXIS2_PLACEMENT_3D('',#2479,#1944,#1945);
#1652=AXIS2_PLACEMENT_3D('',#2482,#1947,#1948);
#1653=AXIS2_PLACEMENT_3D('',#2485,#1950,#1951);
#1654=AXIS2_PLACEMENT_3D('',#2488,#1953,#1954);
#1655=AXIS2_PLACEMENT_3D('',#2489,#1955,#1956);
#1656=AXIS2_PLACEMENT_3D('',#2873,#1957,#1958);
#1657=AXIS2_PLACEMENT_3D('',#2960,#1959,#1960);
#1658=AXIS2_PLACEMENT_3D('',#3082,#1961,#1962);
#1659=AXIS2_PLACEMENT_3D('',#3085,#1964,#1965);
#1660=AXIS2_PLACEMENT_3D('',#3088,#1967,#1968);
#1661=AXIS2_PLACEMENT_3D('',#3089,#1969,#1970);
#1662=AXIS2_PLACEMENT_3D('',#3092,#1972,#1973);
#1663=AXIS2_PLACEMENT_3D('',#3093,#1974,#1975);
#1664=AXIS2_PLACEMENT_3D('',#3096,#1977,#1978);
#1665=AXIS2_PLACEMENT_3D('',#3097,#1979,#1980);
#1666=AXIS2_PLACEMENT_3D('',#3100,#1982,#1983);
#1667=AXIS2_PLACEMENT_3D('',#3101,#1984,#1985);
#1668=AXIS2_PLACEMENT_3D('',#3104,#1987,#1988);
#1669=AXIS2_PLACEMENT_3D('',#3105,#1989,#1990);
#1670=AXIS2_PLACEMENT_3D('',#3108,#1992,#1993);
#1671=AXIS2_PLACEMENT_3D('',#3109,#1994,#1995);
#1672=AXIS2_PLACEMENT_3D('',#3112,#1997,#1998);
#1673=AXIS2_PLACEMENT_3D('',#3113,#1999,#2000);
#1674=AXIS2_PLACEMENT_3D('',#3116,#2002,#2003);
#1675=AXIS2_PLACEMENT_3D('',#3117,#2004,#2005);
#1676=AXIS2_PLACEMENT_3D('',#3120,#2007,#2008);
#1677=AXIS2_PLACEMENT_3D('',#3138,#2013,#2014);
#1678=AXIS2_PLACEMENT_3D('',#3142,#2016,#2017);
#1679=AXIS2_PLACEMENT_3D('',#3143,#2018,#2019);
#1680=AXIS2_PLACEMENT_3D('',#3144,#2020,#2021);
#1681=AXIS2_PLACEMENT_3D('',#3153,#2025,#2026);
#1682=AXIS2_PLACEMENT_3D('',#3171,#2031,#2032);
#1683=AXIS2_PLACEMENT_3D('',#3175,#2034,#2035);
#1684=AXIS2_PLACEMENT_3D('',#3176,#2036,#2037);
#1685=AXIS2_PLACEMENT_3D('',#3177,#2038,#2039);
#1686=AXIS2_PLACEMENT_3D('',#3186,#2043,#2044);
#1687=AXIS2_PLACEMENT_3D('',#3204,#2049,#2050);
#1688=AXIS2_PLACEMENT_3D('',#3208,#2052,#2053);
#1689=AXIS2_PLACEMENT_3D('',#3209,#2054,#2055);
#1690=AXIS2_PLACEMENT_3D('',#3210,#2056,#2057);
#1691=AXIS2_PLACEMENT_3D('',#3219,#2061,#2062);
#1692=AXIS2_PLACEMENT_3D('',#3220,#2063,#2064);
#1693=AXIS2_PLACEMENT_3D('',#3222,#2065,#2066);
#1694=AXIS2_PLACEMENT_3D('',#3223,#2067,#2068);
#1695=AXIS2_PLACEMENT_3D('',#3225,#2069,#2070);
#1696=AXIS2_PLACEMENT_3D('',#3227,#2071,#2072);
#1697=AXIS2_PLACEMENT_3D('',#3228,#2073,#2074);
#1698=AXIS2_PLACEMENT_3D('',#3230,#2075,#2076);
#1699=AXIS2_PLACEMENT_3D('',#3231,#2077,#2078);
#1700=AXIS2_PLACEMENT_3D('',#3232,#2079,#2080);
#1701=AXIS2_PLACEMENT_3D('',#3234,#2081,#2082);
#1702=AXIS2_PLACEMENT_3D('',#3235,#2083,#2084);
#1703=AXIS2_PLACEMENT_3D('',#3238,#2086,#2087);
#1704=AXIS2_PLACEMENT_3D('',#3242,#2089,#2090);
#1705=AXIS2_PLACEMENT_3D('',#3243,#2091,#2092);
#1706=AXIS2_PLACEMENT_3D('',#3253,#2096,#2097);
#1707=AXIS2_PLACEMENT_3D('',#3254,#2098,#2099);
#1708=AXIS2_PLACEMENT_3D('',#3257,#2101,#2102);
#1709=AXIS2_PLACEMENT_3D('',#3270,#2105,#2106);
#1710=AXIS2_PLACEMENT_3D('',#3271,#2107,#2108);
#1711=AXIS2_PLACEMENT_3D('',#3272,#2109,#2110);
#1712=AXIS2_PLACEMENT_3D('',#3273,#2111,#2112);
#1713=AXIS2_PLACEMENT_3D('',#3274,#2113,#2114);
#1714=AXIS2_PLACEMENT_3D('',#3275,#2115,#2116);
#1715=AXIS2_PLACEMENT_3D('',#3276,#2117,#2118);
#1716=AXIS2_PLACEMENT_3D('',#3277,#2119,#2120);
#1717=AXIS2_PLACEMENT_3D('',#3278,#2121,#2122);
#1718=AXIS2_PLACEMENT_3D('',#3279,#2123,#2124);
#1719=AXIS2_PLACEMENT_3D('',#3280,#2125,#2126);
#1720=AXIS2_PLACEMENT_3D('',#3281,#2127,#2128);
#1721=AXIS2_PLACEMENT_3D('',#3282,#2129,#2130);
#1722=AXIS2_PLACEMENT_3D('',#3283,#2131,#2132);
#1723=AXIS2_PLACEMENT_3D('',#3285,#2133,#2134);
#1724=AXIS2_PLACEMENT_3D('',#3286,#2135,#2136);
#1725=AXIS2_PLACEMENT_3D('',#3287,#2137,#2138);
#1726=AXIS2_PLACEMENT_3D('',#3289,#2139,#2140);
#1727=AXIS2_PLACEMENT_3D('',#3290,#2141,#2142);
#1728=AXIS2_PLACEMENT_3D('',#3291,#2143,#2144);
#1729=AXIS2_PLACEMENT_3D('',#3293,#2145,#2146);
#1730=AXIS2_PLACEMENT_3D('',#3294,#2147,#2148);
#1731=AXIS2_PLACEMENT_3D('',#3297,#2150,#2151);
#1732=AXIS2_PLACEMENT_3D('',#3299,#2152,#2153);
#1733=AXIS2_PLACEMENT_3D('',#3303,#2155,#2156);
#1734=AXIS2_PLACEMENT_3D('',#3304,#2157,#2158);
#1735=AXIS2_PLACEMENT_3D('',#3312,#2160,#2161);
#1736=AXIS2_PLACEMENT_3D('',#3318,#2162,#2163);
#1737=AXIS2_PLACEMENT_3D('',#3324,#2164,#2165);
#1738=AXIS2_PLACEMENT_3D('',#3330,#2166,#2167);
#1739=AXIS2_PLACEMENT_3D('',#3333,#2170,#2171);
#1740=AXIS2_PLACEMENT_3D('',#3336,#2174,#2175);
#1741=AXIS2_PLACEMENT_3D('',#3339,#2178,#2179);
#1742=AXIS2_PLACEMENT_3D('',#3340,#2180,#2181);
#1743=AXIS2_PLACEMENT_3D('',#3341,#2182,#2183);
#1744=AXIS2_PLACEMENT_3D('',#3343,#2185,#2186);
#1745=AXIS2_PLACEMENT_3D('',#3344,#2187,#2188);
#1746=AXIS2_PLACEMENT_3D('',#3346,#2190,#2191);
#1747=AXIS2_PLACEMENT_3D('',#3347,#2192,#2193);
#1748=AXIS2_PLACEMENT_3D('',#3348,#2194,#2195);
#1749=AXIS2_PLACEMENT_3D('',#3349,#2196,#2197);
#1750=AXIS2_PLACEMENT_3D('',#3350,#2198,#2199);
#1751=AXIS2_PLACEMENT_3D('',#3352,#2201,#2202);
#1752=AXIS2_PLACEMENT_3D('',#3353,#2203,#2204);
#1753=AXIS2_PLACEMENT_3D('',#3354,#2205,#2206);
#1754=AXIS2_PLACEMENT_3D('',#3355,#2207,#2208);
#1755=AXIS2_PLACEMENT_3D('',#3356,#2209,#2210);
#1756=AXIS2_PLACEMENT_3D('',#3358,#2212,#2213);
#1757=AXIS2_PLACEMENT_3D('',#3359,#2214,#2215);
#1758=DIRECTION('',(0.,0.,1.));
#1759=DIRECTION('',(1.,0.,0.));
#1760=DIRECTION('',(0.,0.,1.));
#1761=DIRECTION('',(1.,0.,0.));
#1762=DIRECTION('',(0.,0.,1.));
#1763=DIRECTION('',(1.,0.,0.));
#1764=DIRECTION('',(-0.742403876506104,-0.519836790725685,-0.422618261740699));
#1765=DIRECTION('',(0.,0.,1.));
#1766=DIRECTION('',(1.,0.,0.));
#1767=DIRECTION('',(-0.819152044288992,0.573576436351046,0.));
#1768=DIRECTION('',(-0.573576436351046,-0.819152044288992,0.));
#1769=DIRECTION('',(-0.573576436351046,-0.819152044288992,0.));
#1770=DIRECTION('',(0.,0.,-1.));
#1771=DIRECTION('',(0.573576436351046,0.819152044288992,0.));
#1772=DIRECTION('',(0.,0.,1.));
#1773=DIRECTION('',(-0.519836790725684,-0.742403876506105,-0.422618261740699));
#1774=DIRECTION('',(0.,0.,-1.));
#1775=DIRECTION('',(1.83697019872103E-16,-1.,0.));
#1776=DIRECTION('',(0.,0.,-1.));
#1777=DIRECTION('',(1.83697019872103E-16,-1.,0.));
#1778=DIRECTION('',(0.,0.,-1.));
#1779=DIRECTION('',(0.,0.,1.));
#1780=DIRECTION('',(-1.83697019872103E-16,1.,0.));
#1781=DIRECTION('',(0.,0.,-1.));
#1782=DIRECTION('',(-0.573576436351047,0.819152044288991,0.));
#1783=DIRECTION('',(-0.819152044288991,-0.573576436351047,0.));
#1784=DIRECTION('',(0.819152044288991,0.573576436351047,0.));
#1785=DIRECTION('',(0.,0.,1.));
#1786=DIRECTION('',(-0.819152044288991,-0.573576436351047,0.));
#1787=DIRECTION('',(0.,0.,-1.));
#1788=DIRECTION('',(0.,0.,1.));
#1789=DIRECTION('',(1.,0.,0.));
#1790=DIRECTION('',(0.,0.,1.));
#1791=DIRECTION('',(1.,0.,0.));
#1792=DIRECTION('',(0.519836790725685,-0.742403876506104,-0.422618261740699));
#1793=DIRECTION('',(0.,0.,1.));
#1794=DIRECTION('',(1.,0.,0.));
#1795=DIRECTION('',(-0.573576436351046,-0.819152044288992,0.));
#1796=DIRECTION('',(0.819152044288992,-0.573576436351046,0.));
#1797=DIRECTION('',(0.819152044288992,-0.573576436351046,0.));
#1798=DIRECTION('',(0.,0.,-1.));
#1799=DIRECTION('',(-0.819152044288992,0.573576436351046,0.));
#1800=DIRECTION('',(0.,0.,1.));
#1801=DIRECTION('',(0.742403876506105,-0.519836790725684,-0.422618261740699));
#1802=DIRECTION('',(0.,0.,-1.));
#1803=DIRECTION('',(1.,1.22464679914735E-16,0.));
#1804=DIRECTION('',(0.,0.,-1.));
#1805=DIRECTION('',(1.,1.22464679914735E-16,0.));
#1806=DIRECTION('',(0.,0.,-1.));
#1807=DIRECTION('',(0.,0.,1.));
#1808=DIRECTION('',(-1.,-1.22464679914735E-16,0.));
#1809=DIRECTION('',(0.,0.,-1.));
#1810=DIRECTION('',(-0.819152044288991,-0.573576436351047,0.));
#1811=DIRECTION('',(0.573576436351047,-0.819152044288991,0.));
#1812=DIRECTION('',(0.,0.,-1.));
#1813=DIRECTION('',(-0.573576436351047,0.819152044288991,0.));
#1814=DIRECTION('',(0.,0.,1.));
#1815=DIRECTION('',(0.573576436351047,-0.819152044288991,0.));
#1816=DIRECTION('',(0.,0.,1.));
#1817=DIRECTION('',(1.,0.,0.));
#1818=DIRECTION('',(0.,0.,1.));
#1819=DIRECTION('',(1.,0.,0.));
#1820=DIRECTION('',(0.742403876506104,0.519836790725685,-0.422618261740699));
#1821=DIRECTION('',(0.,0.,1.));
#1822=DIRECTION('',(1.,0.,0.));
#1823=DIRECTION('',(0.819152044288992,-0.573576436351046,0.));
#1824=DIRECTION('',(0.573576436351046,0.819152044288992,0.));
#1825=DIRECTION('',(-0.573576436351046,-0.819152044288992,0.));
#1826=DIRECTION('',(0.,0.,1.));
#1827=DIRECTION('',(0.519836790725684,0.742403876506105,-0.422618261740699));
#1828=DIRECTION('',(0.573576436351046,0.819152044288992,0.));
#1829=DIRECTION('',(0.,0.,-1.));
#1830=DIRECTION('',(0.,0.,-1.));
#1831=DIRECTION('',(-6.12323399573677E-17,1.,0.));
#1832=DIRECTION('',(0.,0.,1.));
#1833=DIRECTION('',(6.12323399573677E-17,-1.,0.));
#1834=DIRECTION('',(0.,0.,-1.));
#1835=DIRECTION('',(0.,0.,-1.));
#1836=DIRECTION('',(-6.12323399573677E-17,1.,0.));
#1837=DIRECTION('',(0.,0.,-1.));
#1838=DIRECTION('',(0.573576436351047,-0.819152044288992,0.));
#1839=DIRECTION('',(0.819152044288992,0.573576436351047,0.));
#1840=DIRECTION('',(0.,0.,-1.));
#1841=DIRECTION('',(-0.819152044288992,-0.573576436351047,0.));
#1842=DIRECTION('',(0.,0.,1.));
#1843=DIRECTION('',(0.819152044288992,0.573576436351047,0.));
#1844=DIRECTION('',(0.,0.,1.));
#1845=DIRECTION('',(1.,0.,0.));
#1846=DIRECTION('',(0.,0.,1.));
#1847=DIRECTION('',(1.,0.,0.));
#1848=DIRECTION('',(0.,0.,1.));
#1849=DIRECTION('',(1.,0.,0.));
#1850=DIRECTION('',(0.,0.,1.));
#1851=DIRECTION('',(1.,0.,0.));
#1852=DIRECTION('',(0.,0.,1.));
#1853=DIRECTION('',(1.,0.,0.));
#1854=DIRECTION('',(0.,0.,1.));
#1855=DIRECTION('',(1.,0.,0.));
#1856=DIRECTION('',(0.,0.,1.));
#1857=DIRECTION('',(1.,0.,0.));
#1858=DIRECTION('',(0.,0.,1.));
#1859=DIRECTION('',(1.,0.,0.));
#1860=DIRECTION('',(0.,0.,1.));
#1861=DIRECTION('',(1.,0.,0.));
#1862=DIRECTION('',(0.,0.,1.));
#1863=DIRECTION('',(1.,0.,0.));
#1864=DIRECTION('',(0.,0.,1.));
#1865=DIRECTION('',(1.,0.,0.));
#1866=DIRECTION('',(0.,0.,1.));
#1867=DIRECTION('',(1.,0.,0.));
#1868=DIRECTION('',(0.,0.,1.));
#1869=DIRECTION('',(1.,0.,0.));
#1870=DIRECTION('',(0.,0.,-1.));
#1871=DIRECTION('',(-1.,0.,0.));
#1872=DIRECTION('',(1.,-1.53273262505236E-16,0.));
#1873=DIRECTION('',(0.,0.,1.));
#1874=DIRECTION('',(1.,0.,0.));
#1875=DIRECTION('',(0.,0.,1.));
#1876=DIRECTION('',(1.,0.,0.));
#1877=DIRECTION('',(0.,0.,1.));
#1878=DIRECTION('',(1.,0.,0.));
#1879=DIRECTION('',(1.,-1.53273262505236E-16,0.));
#1880=DIRECTION('',(0.,0.,-1.));
#1881=DIRECTION('',(-1.,0.,0.));
#1882=DIRECTION('',(-9.20409225478681E-17,-1.,0.));
#1883=DIRECTION('',(0.,0.,1.));
#1884=DIRECTION('',(1.,0.,0.));
#1885=DIRECTION('',(0.,0.,1.));
#1886=DIRECTION('',(6.12323399573677E-17,-1.,0.));
#1887=DIRECTION('',(0.,0.,1.));
#1888=DIRECTION('',(1.,0.,0.));
#1889=DIRECTION('',(-9.20409225478681E-17,-1.,0.));
#1890=DIRECTION('',(-1.,3.08085825905005E-17,0.));
#1891=DIRECTION('',(0.,0.,-1.));
#1892=DIRECTION('',(-1.,0.,0.));
#1893=DIRECTION('',(-1.,3.08085825905005E-17,0.));
#1894=DIRECTION('',(0.,0.,1.));
#1895=DIRECTION('',(1.,0.,0.));
#1896=DIRECTION('',(0.,0.,1.));
#1897=DIRECTION('',(-1.,-1.22464679914735E-16,0.));
#1898=DIRECTION('',(0.,0.,1.));
#1899=DIRECTION('',(1.,0.,0.));
#1900=DIRECTION('',(0.,0.,1.));
#1901=DIRECTION('',(1.,0.,0.));
#1902=DIRECTION('',(0.,0.,1.));
#1903=DIRECTION('',(1.,0.,0.));
#1904=DIRECTION('',(0.,0.,1.));
#1905=DIRECTION('',(1.,0.,0.));
#1906=DIRECTION('',(0.,0.,-1.));
#1907=DIRECTION('',(-1.,0.,0.));
#1908=DIRECTION('',(-3.04237573668672E-17,1.,0.));
#1909=DIRECTION('',(0.,0.,1.));
#1910=DIRECTION('',(1.,0.,0.));
#1911=DIRECTION('',(0.,0.,1.));
#1912=DIRECTION('',(-1.83697019872103E-16,1.,0.));
#1913=DIRECTION('',(0.,0.,1.));
#1914=DIRECTION('',(1.,0.,0.));
#1915=DIRECTION('',(-3.04237573668672E-17,1.,0.));
#1916=DIRECTION('',(0.,0.,1.));
#1917=DIRECTION('',(1.,0.,0.));
#1918=DIRECTION('',(0.,0.,1.));
#1919=DIRECTION('',(1.,0.,0.));
#1920=DIRECTION('',(0.573576436351047,-0.819152044288992,0.));
#1921=DIRECTION('',(0.,0.,1.));
#1922=DIRECTION('',(1.,0.,0.));
#1923=DIRECTION('',(0.,0.,-1.));
#1924=DIRECTION('',(-1.,0.,0.));
#1925=DIRECTION('',(0.,0.,1.));
#1926=DIRECTION('',(1.,0.,0.));
#1927=DIRECTION('',(0.819152044288992,-0.573576436351046,0.));
#1928=DIRECTION('',(0.,0.,1.));
#1929=DIRECTION('',(1.,0.,0.));
#1930=DIRECTION('',(0.,0.,1.));
#1931=DIRECTION('',(1.,0.,0.));
#1932=DIRECTION('',(-0.519836790725685,0.742403876506104,-0.422618261740699));
#1933=DIRECTION('',(0.,0.,1.));
#1934=DIRECTION('',(1.,0.,0.));
#1935=DIRECTION('',(0.,0.,1.));
#1936=DIRECTION('',(-1.83697019872103E-16,1.,0.));
#1937=DIRECTION('',(0.,0.,1.));
#1938=DIRECTION('',(0.,0.,1.));
#1939=DIRECTION('',(1.,0.,0.));
#1940=DIRECTION('',(0.,0.,1.));
#1941=DIRECTION('',(0.,0.,1.));
#1942=DIRECTION('',(-1.,-1.22464679914735E-16,0.));
#1943=DIRECTION('',(0.,0.,1.));
#1944=DIRECTION('',(0.,0.,1.));
#1945=DIRECTION('',(1.,0.,0.));
#1946=DIRECTION('',(0.,0.,1.));
#1947=DIRECTION('',(0.,0.,1.));
#1948=DIRECTION('',(6.12323399573677E-17,-1.,0.));
#1949=DIRECTION('',(0.,0.,1.));
#1950=DIRECTION('',(0.,0.,1.));
#1951=DIRECTION('',(1.,0.,0.));
#1952=DIRECTION('',(0.,0.,1.));
#1953=DIRECTION('',(0.,0.,1.));
#1954=DIRECTION('',(1.,0.,0.));
#1955=DIRECTION('',(0.,0.,1.));
#1956=DIRECTION('',(1.,0.,0.));
#1957=DIRECTION('',(0.,0.,1.));
#1958=DIRECTION('',(1.,0.,0.));
#1959=DIRECTION('',(0.,0.,1.));
#1960=DIRECTION('',(1.,0.,0.));
#1961=DIRECTION('',(0.,0.,1.));
#1962=DIRECTION('',(1.,0.,0.));
#1963=DIRECTION('',(0.,0.,1.));
#1964=DIRECTION('',(0.,0.,1.));
#1965=DIRECTION('',(1.,0.,0.));
#1966=DIRECTION('',(0.,0.,1.));
#1967=DIRECTION('',(0.,0.,1.));
#1968=DIRECTION('',(1.,0.,0.));
#1969=DIRECTION('',(0.,0.,1.));
#1970=DIRECTION('',(1.,0.,0.));
#1971=DIRECTION('',(0.,0.,-1.));
#1972=DIRECTION('',(0.,0.,1.));
#1973=DIRECTION('',(1.,0.,0.));
#1974=DIRECTION('',(0.,0.,1.));
#1975=DIRECTION('',(1.,0.,0.));
#1976=DIRECTION('',(0.,0.,1.));
#1977=DIRECTION('',(0.,0.,1.));
#1978=DIRECTION('',(1.,0.,0.));
#1979=DIRECTION('',(0.,0.,1.));
#1980=DIRECTION('',(1.,0.,0.));
#1981=DIRECTION('',(0.,0.,-1.));
#1982=DIRECTION('',(0.,0.,1.));
#1983=DIRECTION('',(1.,0.,0.));
#1984=DIRECTION('',(0.,0.,1.));
#1985=DIRECTION('',(1.,0.,0.));
#1986=DIRECTION('',(0.,0.,1.));
#1987=DIRECTION('',(0.,0.,1.));
#1988=DIRECTION('',(1.,0.,0.));
#1989=DIRECTION('',(0.,0.,1.));
#1990=DIRECTION('',(1.,0.,0.));
#1991=DIRECTION('',(0.,0.,-1.));
#1992=DIRECTION('',(0.,0.,1.));
#1993=DIRECTION('',(1.,0.,0.));
#1994=DIRECTION('',(0.,0.,1.));
#1995=DIRECTION('',(1.,0.,0.));
#1996=DIRECTION('',(0.,0.,1.));
#1997=DIRECTION('',(0.,0.,1.));
#1998=DIRECTION('',(1.,0.,0.));
#1999=DIRECTION('',(0.,0.,1.));
#2000=DIRECTION('',(1.,0.,0.));
#2001=DIRECTION('',(0.,0.,-1.));
#2002=DIRECTION('',(0.,0.,1.));
#2003=DIRECTION('',(1.,0.,0.));
#2004=DIRECTION('',(0.,0.,1.));
#2005=DIRECTION('',(1.,0.,0.));
#2006=DIRECTION('',(0.,0.,1.));
#2007=DIRECTION('',(-1.,-3.04237573668672E-17,0.));
#2008=DIRECTION('',(3.04237573668672E-17,-1.,0.));
#2009=DIRECTION('',(3.04237573668672E-17,-1.,0.));
#2010=DIRECTION('',(3.04237573668672E-17,-1.,0.));
#2011=DIRECTION('',(0.,0.,1.));
#2012=DIRECTION('',(0.,0.,-1.));
#2013=DIRECTION('',(0.,0.,1.));
#2014=DIRECTION('',(-1.83697019872103E-16,1.,0.));
#2015=DIRECTION('',(0.,0.,1.));
#2016=DIRECTION('',(0.,0.,-1.));
#2017=DIRECTION('',(-1.,0.,0.));
#2018=DIRECTION('',(0.,0.,1.));
#2019=DIRECTION('',(-1.83697019872103E-16,1.,0.));
#2020=DIRECTION('',(-1.,-3.04237573668672E-17,0.));
#2021=DIRECTION('',(3.04237573668672E-17,-1.,0.));
#2022=DIRECTION('',(-3.04237573668672E-17,1.,0.));
#2023=DIRECTION('',(0.,0.,-1.));
#2024=DIRECTION('',(3.04237573668672E-17,-1.,0.));
#2025=DIRECTION('',(-3.08085825905005E-17,-1.,0.));
#2026=DIRECTION('',(1.,-3.08085825905005E-17,0.));
#2027=DIRECTION('',(1.,-3.08085825905005E-17,0.));
#2028=DIRECTION('',(1.,-3.08085825905005E-17,0.));
#2029=DIRECTION('',(0.,0.,1.));
#2030=DIRECTION('',(0.,0.,-1.));
#2031=DIRECTION('',(0.,0.,1.));
#2032=DIRECTION('',(-1.,-1.22464679914735E-16,0.));
#2033=DIRECTION('',(0.,0.,1.));
#2034=DIRECTION('',(0.,0.,-1.));
#2035=DIRECTION('',(-1.,0.,0.));
#2036=DIRECTION('',(0.,0.,1.));
#2037=DIRECTION('',(-1.,-1.22464679914735E-16,0.));
#2038=DIRECTION('',(-3.08085825905005E-17,-1.,0.));
#2039=DIRECTION('',(1.,-3.08085825905005E-17,0.));
#2040=DIRECTION('',(-1.,3.08085825905005E-17,0.));
#2041=DIRECTION('',(0.,0.,-1.));
#2042=DIRECTION('',(1.,-3.08085825905005E-17,0.));
#2043=DIRECTION('',(1.,-9.20409225478681E-17,0.));
#2044=DIRECTION('',(9.20409225478681E-17,1.,0.));
#2045=DIRECTION('',(9.20409225478681E-17,1.,0.));
#2046=DIRECTION('',(9.20409225478681E-17,1.,0.));
#2047=DIRECTION('',(0.,0.,1.));
#2048=DIRECTION('',(0.,0.,-1.));
#2049=DIRECTION('',(0.,0.,1.));
#2050=DIRECTION('',(6.12323399573677E-17,-1.,0.));
#2051=DIRECTION('',(0.,0.,1.));
#2052=DIRECTION('',(0.,0.,-1.));
#2053=DIRECTION('',(-1.,0.,0.));
#2054=DIRECTION('',(0.,0.,1.));
#2055=DIRECTION('',(6.12323399573677E-17,-1.,0.));
#2056=DIRECTION('',(1.,-9.20409225478681E-17,0.));
#2057=DIRECTION('',(9.20409225478681E-17,1.,0.));
#2058=DIRECTION('',(-9.20409225478681E-17,-1.,0.));
#2059=DIRECTION('',(0.,0.,-1.));
#2060=DIRECTION('',(9.20409225478681E-17,1.,0.));
#2061=DIRECTION('',(0.,0.,-1.));
#2062=DIRECTION('',(-1.,0.,0.));
#2063=DIRECTION('',(0.,0.,1.));
#2064=DIRECTION('',(1.,0.,0.));
#2065=DIRECTION('',(0.,0.,1.));
#2066=DIRECTION('',(1.,0.,0.));
#2067=DIRECTION('',(0.,0.,1.));
#2068=DIRECTION('',(1.,0.,0.));
#2069=DIRECTION('',(0.,0.,1.));
#2070=DIRECTION('',(1.,0.,0.));
#2071=DIRECTION('',(0.,0.,1.));
#2072=DIRECTION('',(1.,0.,0.));
#2073=DIRECTION('',(0.,0.,1.));
#2074=DIRECTION('',(1.,0.,0.));
#2075=DIRECTION('',(0.,0.,1.));
#2076=DIRECTION('',(1.,0.,0.));
#2077=DIRECTION('',(0.,0.,1.));
#2078=DIRECTION('',(1.,0.,0.));
#2079=DIRECTION('',(0.,0.,1.));
#2080=DIRECTION('',(1.,0.,0.));
#2081=DIRECTION('',(0.,0.,1.));
#2082=DIRECTION('',(1.,0.,0.));
#2083=DIRECTION('',(0.,0.,1.));
#2084=DIRECTION('',(1.,0.,0.));
#2085=DIRECTION('',(-1.,1.53273262505236E-16,0.));
#2086=DIRECTION('',(0.,0.,1.));
#2087=DIRECTION('',(1.,0.,0.));
#2088=DIRECTION('',(-1.,1.53273262505236E-16,0.));
#2089=DIRECTION('',(0.,0.,1.));
#2090=DIRECTION('',(1.,0.,0.));
#2091=DIRECTION('',(1.53273262505236E-16,1.,0.));
#2092=DIRECTION('',(-1.,1.53273262505236E-16,0.));
#2093=DIRECTION('',(1.,-1.53273262505236E-16,0.));
#2094=DIRECTION('',(0.,0.,-1.));
#2095=DIRECTION('',(0.,0.,1.));
#2096=DIRECTION('',(0.,0.,1.));
#2097=DIRECTION('',(1.,0.,0.));
#2098=DIRECTION('',(0.,0.,-1.));
#2099=DIRECTION('',(-1.,0.,0.));
#2100=DIRECTION('',(0.,0.,1.));
#2101=DIRECTION('',(1.53273262505236E-16,1.,0.));
#2102=DIRECTION('',(-1.,1.53273262505236E-16,0.));
#2103=DIRECTION('',(-1.,1.53273262505236E-16,0.));
#2104=DIRECTION('',(0.,0.,-1.));
#2105=DIRECTION('',(0.,0.,-1.));
#2106=DIRECTION('',(-1.,0.,0.));
#2107=DIRECTION('',(0.,0.,-1.));
#2108=DIRECTION('',(-1.,0.,0.));
#2109=DIRECTION('',(0.,0.,-1.));
#2110=DIRECTION('',(-1.,0.,0.));
#2111=DIRECTION('',(0.,0.,-1.));
#2112=DIRECTION('',(-1.,0.,0.));
#2113=DIRECTION('',(0.,0.,-1.));
#2114=DIRECTION('',(-1.,0.,0.));
#2115=DIRECTION('',(0.,0.,-1.));
#2116=DIRECTION('',(-1.,0.,0.));
#2117=DIRECTION('',(0.,0.,-1.));
#2118=DIRECTION('',(-1.,0.,0.));
#2119=DIRECTION('',(0.,0.,-1.));
#2120=DIRECTION('',(-1.,0.,0.));
#2121=DIRECTION('',(0.,0.,-1.));
#2122=DIRECTION('',(-1.,0.,0.));
#2123=DIRECTION('',(0.,0.,-1.));
#2124=DIRECTION('',(-1.,0.,0.));
#2125=DIRECTION('',(0.,0.,-1.));
#2126=DIRECTION('',(-1.,0.,0.));
#2127=DIRECTION('',(0.,0.,-1.));
#2128=DIRECTION('',(-1.,0.,0.));
#2129=DIRECTION('',(0.,0.,1.));
#2130=DIRECTION('',(1.,0.,0.));
#2131=DIRECTION('',(0.,0.,1.));
#2132=DIRECTION('',(1.,0.,0.));
#2133=DIRECTION('',(0.,0.,1.));
#2134=DIRECTION('',(1.,0.,0.));
#2135=DIRECTION('',(0.,0.,1.));
#2136=DIRECTION('',(1.,0.,0.));
#2137=DIRECTION('',(0.,0.,1.));
#2138=DIRECTION('',(1.,0.,0.));
#2139=DIRECTION('',(0.,0.,1.));
#2140=DIRECTION('',(1.,0.,0.));
#2141=DIRECTION('',(0.,0.,1.));
#2142=DIRECTION('',(1.,0.,0.));
#2143=DIRECTION('',(0.,0.,1.));
#2144=DIRECTION('',(1.,0.,0.));
#2145=DIRECTION('',(0.,0.,1.));
#2146=DIRECTION('',(1.,0.,0.));
#2147=DIRECTION('',(0.,0.,1.));
#2148=DIRECTION('',(1.,0.,0.));
#2149=DIRECTION('',(-0.573576436351047,0.819152044288992,0.));
#2150=DIRECTION('',(0.,0.,1.));
#2151=DIRECTION('',(1.,0.,0.));
#2152=DIRECTION('',(0.,0.,1.));
#2153=DIRECTION('',(1.,0.,0.));
#2154=DIRECTION('',(-0.819152044288992,0.573576436351046,0.));
#2155=DIRECTION('',(0.,0.,1.));
#2156=DIRECTION('',(1.,0.,0.));
#2157=DIRECTION('',(0.,0.,1.));
#2158=DIRECTION('',(1.,0.,0.));
#2159=DIRECTION('',(-0.742403876506105,0.519836790725684,-0.422618261740699));
#2160=DIRECTION('',(0.,0.,1.));
#2161=DIRECTION('',(1.,0.,0.));
#2162=DIRECTION('',(0.,0.,1.));
#2163=DIRECTION('',(1.,0.,0.));
#2164=DIRECTION('',(0.,0.,1.));
#2165=DIRECTION('',(1.,0.,0.));
#2166=DIRECTION('',(0.573576436351046,0.819152044288992,0.));
#2167=DIRECTION('',(-0.819152044288992,0.573576436351046,0.));
#2168=DIRECTION('',(0.,0.,1.));
#2169=DIRECTION('',(0.,0.,-1.));
#2170=DIRECTION('',(0.,0.,-1.));
#2171=DIRECTION('',(-1.,0.,0.));
#2172=DIRECTION('',(0.,0.,-1.));
#2173=DIRECTION('',(0.,0.,-1.));
#2174=DIRECTION('',(0.819152044288992,0.573576436351047,0.));
#2175=DIRECTION('',(-0.573576436351047,0.819152044288992,0.));
#2176=DIRECTION('',(0.,0.,-1.));
#2177=DIRECTION('',(0.,0.,1.));
#2178=DIRECTION('',(0.,0.,-1.));
#2179=DIRECTION('',(-1.,0.,0.));
#2180=DIRECTION('',(0.,0.,-1.));
#2181=DIRECTION('',(-1.,0.,0.));
#2182=DIRECTION('',(0.,0.,-1.));
#2183=DIRECTION('',(-1.,0.,0.));
#2184=DIRECTION('',(0.,0.,-1.));
#2185=DIRECTION('',(0.,0.,-1.));
#2186=DIRECTION('',(-1.,0.,0.));
#2187=DIRECTION('',(0.,0.,-1.));
#2188=DIRECTION('',(-1.,0.,0.));
#2189=DIRECTION('',(0.,0.,-1.));
#2190=DIRECTION('',(0.,0.,-1.));
#2191=DIRECTION('',(-1.,0.,0.));
#2192=DIRECTION('',(0.,0.,-1.));
#2193=DIRECTION('',(-1.,0.,0.));
#2194=DIRECTION('',(0.,0.,-1.));
#2195=DIRECTION('',(-1.,0.,0.));
#2196=DIRECTION('',(0.,0.,-1.));
#2197=DIRECTION('',(-1.,0.,0.));
#2198=DIRECTION('',(0.,0.,-1.));
#2199=DIRECTION('',(-1.,0.,0.));
#2200=DIRECTION('',(0.,0.,-1.));
#2201=DIRECTION('',(0.,0.,-1.));
#2202=DIRECTION('',(-1.,0.,0.));
#2203=DIRECTION('',(0.,0.,-1.));
#2204=DIRECTION('',(-1.,0.,0.));
#2205=DIRECTION('',(0.,0.,-1.));
#2206=DIRECTION('',(-1.,0.,0.));
#2207=DIRECTION('',(0.,0.,-1.));
#2208=DIRECTION('',(-1.,0.,0.));
#2209=DIRECTION('',(0.,0.,-1.));
#2210=DIRECTION('',(-1.,0.,0.));
#2211=DIRECTION('',(0.,0.,-1.));
#2212=DIRECTION('',(0.,0.,-1.));
#2213=DIRECTION('',(-1.,0.,0.));
#2214=DIRECTION('',(0.,0.,-1.));
#2215=DIRECTION('',(-1.,0.,0.));
#2216=CARTESIAN_POINT('',(0.,0.,0.));
#2217=CARTESIAN_POINT('',(0.,1.23876122390403E-18,0.00612304138691535));
#2218=CARTESIAN_POINT('',(0.,1.23876122390403E-18,0.008255));
#2219=CARTESIAN_POINT('',(0.0180084510601994,0.0170546180468743,0.008255));
#2220=CARTESIAN_POINT('',(0.0231545288510125,0.00889,0.008255));
#2221=CARTESIAN_POINT('',(0.0180084510601994,0.0170546180468743,0.008255));
#2222=CARTESIAN_POINT('',(0.0186716251928144,0.0163543538205655,0.008255));
#2223=CARTESIAN_POINT('',(0.0192498690129953,0.0143744111122138,0.00787856299700168));
#2224=CARTESIAN_POINT('',(0.0182386150845479,0.0127708157687055,0.00707185239839948));
#2225=CARTESIAN_POINT('',(0.0175242717714123,0.0122706271959783,0.00666520779586288));
#2226=CARTESIAN_POINT('',(0.0175242717714122,0.0122706271959785,0.00666520779586287));
#2227=CARTESIAN_POINT('',(-1.23876122390403E-18,-2.27556745164289E-34,-0.00331059851210021));
#2228=CARTESIAN_POINT('',(0.0169705534143547,0.0118829094283217,0.00635));
#2229=CARTESIAN_POINT('',(0.,1.23876122390403E-18,0.00635));
#2230=CARTESIAN_POINT('',(0.0187128597405946,0.00889,0.00635));
#2231=CARTESIAN_POINT('',(0.0231545288510125,0.00889,0.008255));
#2232=CARTESIAN_POINT('',(0.0216774074478531,0.00889,0.00761197312698546));
#2233=CARTESIAN_POINT('',(0.0201975494986627,0.00889,0.00697534104833665));
#2234=CARTESIAN_POINT('',(0.0187128597405946,0.00889,0.00635000000000002));
#2235=CARTESIAN_POINT('',(0.0107552768869192,0.0153601272480133,0.008257));
#2236=CARTESIAN_POINT('',(0.,0.,0.00635));
#2237=CARTESIAN_POINT('',(0.0118829094283217,0.0169705534143548,0.00635));
#2238=CARTESIAN_POINT('',(0.00892155694440449,0.0127413037671876,0.00635));
#2239=CARTESIAN_POINT('',(0.00892155694440449,0.0127413037671876,0.008257));
#2240=CARTESIAN_POINT('',(0.00892155694440449,0.0127413037671876,0.));
#2241=CARTESIAN_POINT('',(0.0107552768869192,0.0153601272480133,0.));
#2242=CARTESIAN_POINT('',(0.0122706271959784,0.0175242717714122,0.));
#2243=CARTESIAN_POINT('',(0.0122706271959784,0.0175242717714122,0.008255));
#2244=CARTESIAN_POINT('',(0.0122706271959784,0.0175242717714122,0.00666520779586287));
#2245=CARTESIAN_POINT('',(1.82241057718477E-19,-9.94996509405276E-19,-0.00331059851210021));
#2246=CARTESIAN_POINT('',(2.25514051876985E-16,2.77555756156289E-16,0.008257));
#2247=CARTESIAN_POINT('',(2.25514051876985E-16,2.77555756156289E-16,0.));
#2248=CARTESIAN_POINT('',(0.0170546180468743,0.0180084510601994,0.));
#2249=CARTESIAN_POINT('',(0.0180084510601994,0.0170546180468743,0.));
#2250=CARTESIAN_POINT('',(0.0180084510601994,0.0170546180468743,0.008257));
#2251=CARTESIAN_POINT('',(2.25514051876985E-16,2.77555756156289E-16,0.008255));
#2252=CARTESIAN_POINT('',(0.0170546180468743,0.0180084510601994,0.008255));
#2253=CARTESIAN_POINT('',(0.0170546180468743,0.0180084510601994,0.008257));
#2254=CARTESIAN_POINT('',(0.0153601272480133,0.0107552768869192,0.008257));
#2255=CARTESIAN_POINT('',(0.0153601272480133,0.0107552768869192,0.));
#2256=CARTESIAN_POINT('',(0.0127413037671875,0.00892155694440451,0.));
#2257=CARTESIAN_POINT('',(0.0175242717714122,0.0122706271959785,0.));
#2258=CARTESIAN_POINT('',(0.0127413037671875,0.00892155694440451,0.00635));
#2259=CARTESIAN_POINT('',(0.0127413037671875,0.00892155694440451,0.00635));
#2260=CARTESIAN_POINT('',(0.,0.,0.00635));
#2261=CARTESIAN_POINT('',(0.0175242717714122,0.0122706271959785,0.008257));
#2262=CARTESIAN_POINT('',(0.,1.23876122390403E-18,0.00612304138691535));
#2263=CARTESIAN_POINT('',(0.,1.23876122390403E-18,0.008255));
#2264=CARTESIAN_POINT('',(-0.0170546180468743,0.0180084510601994,0.008255));
#2265=CARTESIAN_POINT('',(-0.00889,0.0231545288510125,0.008255));
#2266=CARTESIAN_POINT('',(-0.0170546180468743,0.0180084510601994,0.008255));
#2267=CARTESIAN_POINT('',(-0.0163543538205655,0.0186716251928144,0.008255));
#2268=CARTESIAN_POINT('',(-0.0143744111122138,0.0192498690129953,0.00787856299700169));
#2269=CARTESIAN_POINT('',(-0.0127708157687055,0.0182386150845479,0.00707185239839948));
#2270=CARTESIAN_POINT('',(-0.0122706271959783,0.0175242717714123,0.00666520779586288));
#2271=CARTESIAN_POINT('',(-0.0122706271959785,0.0175242717714122,0.00666520779586287));
#2272=CARTESIAN_POINT('',(1.51704496776193E-34,-1.23876122390403E-18,-0.00331059851210021));
#2273=CARTESIAN_POINT('',(-0.0118829094283217,0.0169705534143547,0.00635));
#2274=CARTESIAN_POINT('',(0.,1.23876122390403E-18,0.00635));
#2275=CARTESIAN_POINT('',(-0.00889,0.0187128597405946,0.00635));
#2276=CARTESIAN_POINT('',(-0.00889,0.0231545288510125,0.008255));
#2277=CARTESIAN_POINT('',(-0.00889,0.0216774074478531,0.00761197312698546));
#2278=CARTESIAN_POINT('',(-0.00889,0.0201975494986627,0.00697534104833665));
#2279=CARTESIAN_POINT('',(-0.00889,0.0187128597405946,0.00635000000000002));
#2280=CARTESIAN_POINT('',(-0.0153601272480133,0.0107552768869192,0.008257));
#2281=CARTESIAN_POINT('',(0.,0.,0.00635));
#2282=CARTESIAN_POINT('',(-0.0169705534143547,0.0118829094283217,0.00635));
#2283=CARTESIAN_POINT('',(-0.0127413037671876,0.00892155694440449,0.00635));
#2284=CARTESIAN_POINT('',(-0.0127413037671876,0.00892155694440449,0.008257));
#2285=CARTESIAN_POINT('',(-0.0127413037671876,0.00892155694440449,0.));
#2286=CARTESIAN_POINT('',(-0.0153601272480133,0.0107552768869192,0.));
#2287=CARTESIAN_POINT('',(-0.0175242717714122,0.0122706271959784,0.));
#2288=CARTESIAN_POINT('',(-0.0175242717714122,0.0122706271959784,0.008255));
#2289=CARTESIAN_POINT('',(-0.0175242717714122,0.0122706271959784,0.00666520779586287));
#2290=CARTESIAN_POINT('',(9.94996509405276E-19,1.82241057718477E-19,-0.00331059851210021));
#2291=CARTESIAN_POINT('',(-2.77555756156289E-16,2.25514051876985E-16,0.008257));
#2292=CARTESIAN_POINT('',(-2.77555756156289E-16,2.25514051876985E-16,0.));
#2293=CARTESIAN_POINT('',(-0.0180084510601994,0.0170546180468743,0.));
#2294=CARTESIAN_POINT('',(-0.0170546180468743,0.0180084510601994,0.));
#2295=CARTESIAN_POINT('',(-0.0170546180468743,0.0180084510601994,0.008257));
#2296=CARTESIAN_POINT('',(-2.77555756156289E-16,2.25514051876985E-16,0.008255));
#2297=CARTESIAN_POINT('',(-0.0180084510601994,0.0170546180468743,0.008255));
#2298=CARTESIAN_POINT('',(-0.0180084510601994,0.0170546180468743,0.008257));
#2299=CARTESIAN_POINT('',(-0.0107552768869192,0.0153601272480133,0.008257));
#2300=CARTESIAN_POINT('',(-0.0122706271959785,0.0175242717714122,0.008257));
#2301=CARTESIAN_POINT('',(-0.0122706271959785,0.0175242717714122,0.));
#2302=CARTESIAN_POINT('',(-0.0107552768869192,0.0153601272480133,0.));
#2303=CARTESIAN_POINT('',(-0.00892155694440451,0.0127413037671875,0.));
#2304=CARTESIAN_POINT('',(-0.00892155694440451,0.0127413037671875,0.00635));
#2305=CARTESIAN_POINT('',(-0.00892155694440451,0.0127413037671875,0.00635));
#2306=CARTESIAN_POINT('',(0.,0.,0.00635));
#2307=CARTESIAN_POINT('',(0.,1.23876122390403E-18,0.00612304138691535));
#2308=CARTESIAN_POINT('',(0.,1.23876122390403E-18,0.008255));
#2309=CARTESIAN_POINT('',(-0.0180084510601994,-0.0170546180468743,0.008255));
#2310=CARTESIAN_POINT('',(-0.0231545288510124,-0.00889,0.008255));
#2311=CARTESIAN_POINT('',(-0.0180084510601994,-0.0170546180468743,0.008255));
#2312=CARTESIAN_POINT('',(-0.0186716251928144,-0.0163543538205655,0.008255));
#2313=CARTESIAN_POINT('',(-0.0192498690129953,-0.0143744111122138,0.00787856299700169));
#2314=CARTESIAN_POINT('',(-0.0182386150845479,-0.0127708157687055,0.00707185239839948));
#2315=CARTESIAN_POINT('',(-0.0175242717714123,-0.0122706271959783,0.00666520779586288));
#2316=CARTESIAN_POINT('',(-0.0175242717714122,-0.0122706271959785,0.00666520779586287));
#2317=CARTESIAN_POINT('',(1.23876122390403E-18,7.58522483880965E-35,-0.00331059851210021));
#2318=CARTESIAN_POINT('',(-0.0169705534143547,-0.0118829094283217,0.00635));
#2319=CARTESIAN_POINT('',(0.,1.23876122390403E-18,0.00635));
#2320=CARTESIAN_POINT('',(-0.0187128597405946,-0.00889,0.00635));
#2321=CARTESIAN_POINT('',(-0.0231545288510124,-0.00889,0.008255));
#2322=CARTESIAN_POINT('',(-0.0216774074478531,-0.00889,0.00761197312698546));
#2323=CARTESIAN_POINT('',(-0.0201975494986627,-0.00889,0.00697534104833664));
#2324=CARTESIAN_POINT('',(-0.0187128597405946,-0.00889,0.00635000000000002));
#2325=CARTESIAN_POINT('',(-0.0107552768869192,-0.0153601272480133,0.008257));
#2326=CARTESIAN_POINT('',(-0.0107552768869192,-0.0153601272480133,0.));
#2327=CARTESIAN_POINT('',(-0.00892155694440449,-0.0127413037671876,0.));
#2328=CARTESIAN_POINT('',(-0.0122706271959784,-0.0175242717714122,0.));
#2329=CARTESIAN_POINT('',(-0.0122706271959784,-0.0175242717714122,0.008255));
#2330=CARTESIAN_POINT('',(-0.0122706271959784,-0.0175242717714122,0.00666520779586287));
#2331=CARTESIAN_POINT('',(-1.82241057718477E-19,9.94996509405276E-19,-0.00331059851210021));
#2332=CARTESIAN_POINT('',(-0.0118829094283217,-0.0169705534143547,0.00635));
#2333=CARTESIAN_POINT('',(0.,0.,0.00635));
#2334=CARTESIAN_POINT('',(-0.00892155694440449,-0.0127413037671876,0.00635));
#2335=CARTESIAN_POINT('',(-0.00892155694440449,-0.0127413037671876,0.008257));
#2336=CARTESIAN_POINT('',(-2.25514051876985E-16,-2.77555756156289E-16,0.008257));
#2337=CARTESIAN_POINT('',(-2.25514051876985E-16,-2.77555756156289E-16,0.008255));
#2338=CARTESIAN_POINT('',(-0.0170546180468743,-0.0180084510601994,0.008255));
#2339=CARTESIAN_POINT('',(-0.0170546180468743,-0.0180084510601994,0.008257));
#2340=CARTESIAN_POINT('',(-0.0170546180468743,-0.0180084510601994,0.));
#2341=CARTESIAN_POINT('',(-2.25514051876985E-16,-2.77555756156289E-16,0.));
#2342=CARTESIAN_POINT('',(-0.0180084510601994,-0.0170546180468743,0.));
#2343=CARTESIAN_POINT('',(-0.0180084510601994,-0.0170546180468743,0.008257));
#2344=CARTESIAN_POINT('',(-0.0153601272480133,-0.0107552768869192,0.008257));
#2345=CARTESIAN_POINT('',(-0.0175242717714122,-0.0122706271959785,0.008257));
#2346=CARTESIAN_POINT('',(-0.0175242717714122,-0.0122706271959785,0.));
#2347=CARTESIAN_POINT('',(-0.0153601272480133,-0.0107552768869192,0.));
#2348=CARTESIAN_POINT('',(-0.0127413037671875,-0.00892155694440451,0.));
#2349=CARTESIAN_POINT('',(-0.0127413037671875,-0.00892155694440451,0.00635));
#2350=CARTESIAN_POINT('',(-0.0127413037671875,-0.00892155694440451,0.00635));
#2351=CARTESIAN_POINT('',(0.,0.,0.00635));
#2352=CARTESIAN_POINT('',(0.,0.,0.));
#2353=CARTESIAN_POINT('',(0.011522364685022,0.010920198581773,0.));
#2354=CARTESIAN_POINT('',(0.00899649816168066,0.00899649816168068,0.));
#2355=CARTESIAN_POINT('',(0.010920198581773,0.0115223646850221,0.));
#2356=CARTESIAN_POINT('',(0.0157031665859977,0.014871434936596,0.));
#2357=CARTESIAN_POINT('',(0.014871434936596,0.0157031665859977,0.));
#2358=CARTESIAN_POINT('',(-0.010920198581773,0.011522364685022,0.));
#2359=CARTESIAN_POINT('',(-0.00899649816168068,0.00899649816168066,0.));
#2360=CARTESIAN_POINT('',(-0.0115223646850221,0.010920198581773,0.));
#2361=CARTESIAN_POINT('',(-0.014871434936596,0.0157031665859977,0.));
#2362=CARTESIAN_POINT('',(-0.0157031665859977,0.014871434936596,0.));
#2363=CARTESIAN_POINT('',(-0.011522364685022,-0.010920198581773,0.));
#2364=CARTESIAN_POINT('',(-0.00899649816168065,-0.00899649816168069,0.));
#2365=CARTESIAN_POINT('',(-0.010920198581773,-0.0115223646850221,0.));
#2366=CARTESIAN_POINT('',(-0.0157031665859977,-0.014871434936596,0.));
#2367=CARTESIAN_POINT('',(-0.014871434936596,-0.0157031665859977,0.));
#2368=CARTESIAN_POINT('',(1.04083408558608E-17,-2.60208521396521E-18,0.));
#2369=CARTESIAN_POINT('',(-0.0254812294885863,-0.00889,0.));
#2370=CARTESIAN_POINT('',(-0.0254812294885863,0.00889,0.));
#2371=CARTESIAN_POINT('',(-0.018811244099942,-0.00889,0.));
#2372=CARTESIAN_POINT('',(-0.0181725417869928,-0.00889,0.));
#2373=CARTESIAN_POINT('',(-0.0181725417869928,-0.005715,0.));
#2374=CARTESIAN_POINT('',(-0.015143784822494,-0.0047625,0.));
#2375=CARTESIAN_POINT('',(-4.33680868994202E-18,1.7347234759768E-18,0.));
#2376=CARTESIAN_POINT('',(-0.015143784822494,0.0047625,0.));
#2377=CARTESIAN_POINT('',(-0.0181725417869928,0.005715,0.));
#2378=CARTESIAN_POINT('',(-0.0181725417869928,0.00889,0.));
#2379=CARTESIAN_POINT('',(-0.018811244099942,0.00889,0.));
#2380=CARTESIAN_POINT('',(6.07153216591882E-18,-1.04083408558608E-17,0.));
#2381=CARTESIAN_POINT('',(-0.00889,0.0254812294885863,0.));
#2382=CARTESIAN_POINT('',(0.00889,0.0254812294885863,0.));
#2383=CARTESIAN_POINT('',(-0.00889,0.018811244099942,0.));
#2384=CARTESIAN_POINT('',(-0.00889,0.0181725417869928,0.));
#2385=CARTESIAN_POINT('',(-0.005715,0.0181725417869928,0.));
#2386=CARTESIAN_POINT('',(-0.0047625,0.015143784822494,0.));
#2387=CARTESIAN_POINT('',(1.7347234759768E-18,4.33680868994202E-18,0.));
#2388=CARTESIAN_POINT('',(0.0047625,0.015143784822494,0.));
#2389=CARTESIAN_POINT('',(0.005715,0.0181725417869928,0.));
#2390=CARTESIAN_POINT('',(0.00889,0.0181725417869928,0.));
#2391=CARTESIAN_POINT('',(0.00889,0.018811244099942,0.));
#2392=CARTESIAN_POINT('',(0.018811244099942,-0.00889,0.));
#2393=CARTESIAN_POINT('',(0.0254812294885863,-0.00889,0.));
#2394=CARTESIAN_POINT('',(0.0181725417869928,-0.00889,0.));
#2395=CARTESIAN_POINT('',(-1.90819582357449E-17,2.60208521396521E-18,0.));
#2396=CARTESIAN_POINT('',(0.0254812294885863,0.00889,0.));
#2397=CARTESIAN_POINT('',(0.018811244099942,0.00889,0.));
#2398=CARTESIAN_POINT('',(0.0181725417869928,0.00889,0.));
#2399=CARTESIAN_POINT('',(0.0181725417869928,0.005715,0.));
#2400=CARTESIAN_POINT('',(0.015143784822494,0.0047625,0.));
#2401=CARTESIAN_POINT('',(4.33680868994202E-18,-1.7347234759768E-18,0.));
#2402=CARTESIAN_POINT('',(0.015143784822494,-0.0047625,0.));
#2403=CARTESIAN_POINT('',(0.0181725417869928,-0.005715,0.));
#2404=CARTESIAN_POINT('',(0.,6.85802207522518E-19,0.));
#2405=CARTESIAN_POINT('',(-0.0103344551090915,-0.00431729517153644,0.));
#2406=CARTESIAN_POINT('',(-0.0103143150854812,0.0043651923574356,-4.68005224401225E-20));
#2407=CARTESIAN_POINT('',(-0.0103344551090915,-0.00431729517153644,2.3252604450845E-18));
#2408=CARTESIAN_POINT('',(-0.00958272503193345,-0.00593805669636883,2.3252604450845E-18));
#2409=CARTESIAN_POINT('',(-0.00732043630720822,-0.00877616397616394,-8.80645922774527E-18));
#2410=CARTESIAN_POINT('',(-0.00231539717630298,-0.0110117358470538,5.57973183376627E-18));
#2411=CARTESIAN_POINT('',(0.00313489944462683,-0.0105779870970848,-1.16920035460683E-17));
#2412=CARTESIAN_POINT('',(0.0062013271311909,-0.0086123323154526,6.47697838510652E-20));
#2413=CARTESIAN_POINT('',(0.00740260266103955,-0.00728794347198144,6.47697838510652E-20));
#2414=CARTESIAN_POINT('',(0.00740260266103955,-0.00728794347198144,-1.79916066252959E-20));
#2415=CARTESIAN_POINT('',(0.,0.,0.));
#2416=CARTESIAN_POINT('',(0.00741449624244646,0.00727584302186174,3.5419293155122E-20));
#2417=CARTESIAN_POINT('',(0.00741449624244646,0.00727584302186174,-1.09799808780878E-19));
#2418=CARTESIAN_POINT('',(0.00621666108160053,0.00859734363971217,-1.09799808780878E-19));
#2419=CARTESIAN_POINT('',(0.0031640499684848,0.0105694115641337,1.44031108803481E-19));
#2420=CARTESIAN_POINT('',(-0.00229533582493353,0.0110161963663687,-2.26475813465987E-19));
#2421=CARTESIAN_POINT('',(-0.00727830912649721,0.00880028579310536,3.76758199236785E-19));
#2422=CARTESIAN_POINT('',(-0.0095575148464152,0.00597970423146055,-2.37602652388314E-19));
#2423=CARTESIAN_POINT('',(-0.0103143150854812,0.00436519235743561,-2.37602652388314E-19));
#2424=CARTESIAN_POINT('',(0.,1.94412679364642E-18,0.));
#2425=CARTESIAN_POINT('',(0.03175,1.94412679364642E-18,0.));
#2426=CARTESIAN_POINT('',(-4.33680868994202E-18,5.20417042793042E-18,0.));
#2427=CARTESIAN_POINT('',(0.00889,-0.0254812294885863,0.));
#2428=CARTESIAN_POINT('',(-0.00889,-0.0254812294885863,0.));
#2429=CARTESIAN_POINT('',(0.00889,-0.018811244099942,0.));
#2430=CARTESIAN_POINT('',(0.00889,-0.0181725417869928,0.));
#2431=CARTESIAN_POINT('',(0.005715,-0.0181725417869928,0.));
#2432=CARTESIAN_POINT('',(0.0047625,-0.015143784822494,0.));
#2433=CARTESIAN_POINT('',(-1.7347234759768E-18,-4.33680868994202E-18,0.));
#2434=CARTESIAN_POINT('',(-0.0047625,-0.015143784822494,0.));
#2435=CARTESIAN_POINT('',(-0.005715,-0.0181725417869928,0.));
#2436=CARTESIAN_POINT('',(-0.00889,-0.0181725417869928,0.));
#2437=CARTESIAN_POINT('',(-0.00889,-0.018811244099942,0.));
#2438=CARTESIAN_POINT('',(0.010920198581773,-0.011522364685022,0.));
#2439=CARTESIAN_POINT('',(0.0127413037671876,-0.00892155694440449,0.));
#2440=CARTESIAN_POINT('',(0.00899649816168069,-0.00899649816168066,0.));
#2441=CARTESIAN_POINT('',(0.0115223646850221,-0.010920198581773,0.));
#2442=CARTESIAN_POINT('',(0.00892155694440451,-0.0127413037671875,0.));
#2443=CARTESIAN_POINT('',(0.0107552768869192,-0.0153601272480133,0.));
#2444=CARTESIAN_POINT('',(0.0122706271959785,-0.0175242717714122,0.));
#2445=CARTESIAN_POINT('',(0.014871434936596,-0.0157031665859977,0.));
#2446=CARTESIAN_POINT('',(0.0170546180468743,-0.0180084510601994,0.));
#2447=CARTESIAN_POINT('',(2.77555756156289E-16,-2.25514051876985E-16,0.));
#2448=CARTESIAN_POINT('',(0.0180084510601994,-0.0170546180468743,0.));
#2449=CARTESIAN_POINT('',(0.0157031665859977,-0.014871434936596,0.));
#2450=CARTESIAN_POINT('',(0.0175242717714122,-0.0122706271959784,0.));
#2451=CARTESIAN_POINT('',(0.0153601272480133,-0.0107552768869192,0.));
#2452=CARTESIAN_POINT('',(0.,1.23876122390403E-18,0.00612304138691535));
#2453=CARTESIAN_POINT('',(0.,1.23876122390403E-18,0.008255));
#2454=CARTESIAN_POINT('',(0.0170546180468743,-0.0180084510601994,0.008255));
#2455=CARTESIAN_POINT('',(0.00889,-0.0231545288510125,0.008255));
#2456=CARTESIAN_POINT('',(0.0170546180468743,-0.0180084510601994,0.008255));
#2457=CARTESIAN_POINT('',(0.0163543538205655,-0.0186716251928144,0.008255));
#2458=CARTESIAN_POINT('',(0.0143744111122138,-0.0192498690129953,0.0078785629970017));
#2459=CARTESIAN_POINT('',(0.0127708157687055,-0.0182386150845479,0.00707185239839947));
#2460=CARTESIAN_POINT('',(0.0122706271959783,-0.0175242717714123,0.00666520779586287));
#2461=CARTESIAN_POINT('',(0.0122706271959785,-0.0175242717714122,0.00666520779586287));
#2462=CARTESIAN_POINT('',(0.,1.23876122390403E-18,-0.00331059851210021));
#2463=CARTESIAN_POINT('',(0.0118829094283217,-0.0169705534143547,0.00635));
#2464=CARTESIAN_POINT('',(0.,1.23876122390403E-18,0.00635));
#2465=CARTESIAN_POINT('',(0.00889,-0.0187128597405946,0.00635));
#2466=CARTESIAN_POINT('',(0.00889,-0.0231545288510125,0.008255));
#2467=CARTESIAN_POINT('',(0.00889,-0.0216774074478531,0.00761197312698546));
#2468=CARTESIAN_POINT('',(0.00889,-0.0201975494986627,0.00697534104833665));
#2469=CARTESIAN_POINT('',(0.00889,-0.0187128597405946,0.00635000000000002));
#2470=CARTESIAN_POINT('',(-1.7347234759768E-18,-4.33680868994202E-18,-2.00000000000027E-6));
#2471=CARTESIAN_POINT('',(0.0047625,-0.015143784822494,-2.00000000000027E-6));
#2472=CARTESIAN_POINT('',(0.0047625,-0.015143784822494,0.00635));
#2473=CARTESIAN_POINT('',(-1.7347234759768E-18,-4.33680868994202E-18,0.00635));
#2474=CARTESIAN_POINT('',(-0.0047625,-0.015143784822494,0.00635));
#2475=CARTESIAN_POINT('',(-0.0047625,-0.015143784822494,-2.00000000000027E-6));
#2476=CARTESIAN_POINT('',(4.33680868994202E-18,-1.7347234759768E-18,-2.00000000000027E-6));
#2477=CARTESIAN_POINT('',(0.015143784822494,0.0047625,-2.00000000000027E-6));
#2478=CARTESIAN_POINT('',(0.015143784822494,0.0047625,0.00635));
#2479=CARTESIAN_POINT('',(4.33680868994202E-18,-1.7347234759768E-18,0.00635));
#2480=CARTESIAN_POINT('',(0.015143784822494,-0.0047625,0.00635));
#2481=CARTESIAN_POINT('',(0.015143784822494,-0.0047625,-2.00000000000027E-6));
#2482=CARTESIAN_POINT('',(1.7347234759768E-18,4.33680868994202E-18,-2.00000000000027E-6));
#2483=CARTESIAN_POINT('',(-0.0047625,0.015143784822494,-2.00000000000027E-6));
#2484=CARTESIAN_POINT('',(-0.0047625,0.015143784822494,0.00635));
#2485=CARTESIAN_POINT('',(1.7347234759768E-18,4.33680868994202E-18,0.00635));
#2486=CARTESIAN_POINT('',(0.0047625,0.015143784822494,0.00635));
#2487=CARTESIAN_POINT('',(0.0047625,0.015143784822494,-2.00000000000027E-6));
#2488=CARTESIAN_POINT('',(0.,6.85802207522518E-19,-2.00000000000027E-6));
#2489=CARTESIAN_POINT('',(0.,6.85802207522518E-19,0.00635));
#2490=CARTESIAN_POINT('',(0.0030819808820023,-0.0107676085480004,0.00635));
#2491=CARTESIAN_POINT('',(-0.00527865319105942,-0.00987804740262559,0.00635));
#2492=CARTESIAN_POINT('',(-0.0111778843853278,0.000703491768426911,-0.000108755082023226));
#2493=CARTESIAN_POINT('',(-0.0115840455472018,-0.00575006279041262,1.62449179767742E-5));
#2494=CARTESIAN_POINT('',(-0.00619818393547486,-0.00932858595404585,0.000141244917976774));
#2495=CARTESIAN_POINT('',(-0.000812322323747926,-0.0129071091176791,0.000266244917976774));
#2496=CARTESIAN_POINT('',(0.00497970044985297,-0.0100320777224728,0.000391244917976774));
#2497=CARTESIAN_POINT('',(0.0107717232234539,-0.00715704632726645,0.000516244917976774));
#2498=CARTESIAN_POINT('',(0.0111778843853278,-0.000703491768426912,0.000641244917976774));
#2499=CARTESIAN_POINT('',(0.0115840455472018,0.00575006279041262,0.000766244917976774));
#2500=CARTESIAN_POINT('',(0.00619818393547486,0.00932858595404584,0.000891244917976774));
#2501=CARTESIAN_POINT('',(0.000812322323747928,0.0129071091176791,0.00101624491797677));
#2502=CARTESIAN_POINT('',(-0.00497970044985296,0.0100320777224728,0.00114124491797677));
#2503=CARTESIAN_POINT('',(-0.0107717232234539,0.00715704632726645,0.00126624491797677));
#2504=CARTESIAN_POINT('',(-0.0111778843853278,0.000703491768426913,0.00139124491797677));
#2505=CARTESIAN_POINT('',(-0.0115840455472018,-0.00575006279041261,0.00151624491797678));
#2506=CARTESIAN_POINT('',(-0.00619818393547486,-0.00932858595404584,0.00164124491797678));
#2507=CARTESIAN_POINT('',(-0.000812322323747941,-0.0129071091176791,0.00176624491797678));
#2508=CARTESIAN_POINT('',(0.00497970044985296,-0.0100320777224728,0.00189124491797678));
#2509=CARTESIAN_POINT('',(0.0107717232234539,-0.00715704632726646,0.00201624491797678));
#2510=CARTESIAN_POINT('',(0.0111778843853278,-0.000703491768426915,0.00214124491797677));
#2511=CARTESIAN_POINT('',(0.0115840455472018,0.00575006279041261,0.00226624491797678));
#2512=CARTESIAN_POINT('',(0.00619818393547487,0.00932858595404584,0.00239124491797678));
#2513=CARTESIAN_POINT('',(0.00081232232374793,0.0129071091176791,0.00251624491797678));
#2514=CARTESIAN_POINT('',(-0.00497970044985296,0.0100320777224728,0.00264124491797677));
#2515=CARTESIAN_POINT('',(-0.0107717232234539,0.00715704632726646,0.00276624491797678));
#2516=CARTESIAN_POINT('',(-0.0111778843853278,0.000703491768426916,0.00289124491797678));
#2517=CARTESIAN_POINT('',(-0.0115840455472018,-0.00575006279041261,0.00301624491797678));
#2518=CARTESIAN_POINT('',(-0.00619818393547487,-0.00932858595404584,0.00314124491797677));
#2519=CARTESIAN_POINT('',(-0.000812322323747956,-0.0129071091176791,0.00326624491797677));
#2520=CARTESIAN_POINT('',(0.00497970044985296,-0.0100320777224728,0.00339124491797678));
#2521=CARTESIAN_POINT('',(0.0107717232234538,-0.00715704632726646,0.00351624491797677));
#2522=CARTESIAN_POINT('',(0.0111778843853278,-0.000703491768426937,0.00364124491797677));
#2523=CARTESIAN_POINT('',(0.0115840455472018,0.00575006279041261,0.00376624491797677));
#2524=CARTESIAN_POINT('',(0.00619818393547487,0.00932858595404583,0.00389124491797678));
#2525=CARTESIAN_POINT('',(0.000812322323747957,0.0129071091176791,0.00401624491797677));
#2526=CARTESIAN_POINT('',(-0.00497970044985294,0.0100320777224728,0.00414124491797677));
#2527=CARTESIAN_POINT('',(-0.0107717232234538,0.00715704632726648,0.00426624491797677));
#2528=CARTESIAN_POINT('',(-0.0111778843853278,0.000703491768426919,0.00439124491797677));
#2529=CARTESIAN_POINT('',(-0.0115840455472018,-0.0057500627904126,0.00451624491797677));
#2530=CARTESIAN_POINT('',(-0.00619818393547487,-0.00932858595404583,0.00464124491797677));
#2531=CARTESIAN_POINT('',(-0.000812322323747958,-0.0129071091176791,0.00476624491797677));
#2532=CARTESIAN_POINT('',(0.00497970044985294,-0.0100320777224728,0.00489124491797677));
#2533=CARTESIAN_POINT('',(0.0107717232234538,-0.00715704632726648,0.00501624491797677));
#2534=CARTESIAN_POINT('',(0.0111778843853278,-0.00070349176842692,0.00514124491797677));
#2535=CARTESIAN_POINT('',(0.0115840455472018,0.0057500627904126,0.00526624491797677));
#2536=CARTESIAN_POINT('',(0.00619818393547488,0.00932858595404583,0.00539124491797677));
#2537=CARTESIAN_POINT('',(0.00081232232374796,0.0129071091176791,0.00551624491797677));
#2538=CARTESIAN_POINT('',(-0.00497970044985294,0.0100320777224728,0.00564124491797678));
#2539=CARTESIAN_POINT('',(-0.0107717232234538,0.00715704632726648,0.00576624491797677));
#2540=CARTESIAN_POINT('',(-0.0111778843853278,0.000703491768426922,0.00589124491797678));
#2541=CARTESIAN_POINT('',(-0.0115840455472018,-0.0057500627904126,0.00601624491797677));
#2542=CARTESIAN_POINT('',(-0.00619818393547488,-0.00932858595404583,0.00614124491797678));
#2543=CARTESIAN_POINT('',(-0.000812322323747961,-0.0129071091176791,0.00626624491797677));
#2544=CARTESIAN_POINT('',(0.00497970044985293,-0.0100320777224728,0.00639124491797678));
#2545=CARTESIAN_POINT('',(0.0107717232234538,-0.00715704632726648,0.00651624491797677));
#2546=CARTESIAN_POINT('',(0.0111778843853278,-0.000703491768426963,0.00664124491797677));
#2547=CARTESIAN_POINT('',(0.0115840455472018,0.0057500627904126,0.00676624491797677));
#2548=CARTESIAN_POINT('',(0.00619818393547488,0.00932858595404583,0.00689124491797677));
#2549=CARTESIAN_POINT('',(0.000812322323747962,0.0129071091176791,0.00701624491797677));
#2550=CARTESIAN_POINT('',(-0.00497970044985293,0.0100320777224728,0.00714124491797677));
#2551=CARTESIAN_POINT('',(-0.0107717232234538,0.00715704632726648,0.00726624491797677));
#2552=CARTESIAN_POINT('',(-0.0111778843853278,0.000703491768426964,0.00739124491797677));
#2553=CARTESIAN_POINT('',(-0.0115840455472018,-0.0057500627904126,0.00751624491797677));
#2554=CARTESIAN_POINT('',(-0.00619818393547488,-0.00932858595404583,0.00764124491797678));
#2555=CARTESIAN_POINT('',(-0.00081232232374801,-0.0129071091176791,0.00776624491797677));
#2556=CARTESIAN_POINT('',(0.00497970044985293,-0.0100320777224728,0.00789124491797678));
#2557=CARTESIAN_POINT('',(0.0107717232234539,-0.00715704632726645,0.00801624491797677));
#2558=CARTESIAN_POINT('',(0.0111778843853278,-0.000703491768426965,0.00814124491797678));
#2559=CARTESIAN_POINT('',(0.0115840455472018,0.0057500627904126,0.00826624491797677));
#2560=CARTESIAN_POINT('',(0.00619818393547491,0.00932858595404581,0.00839124491797678));
#2561=CARTESIAN_POINT('',(0.000812322323747966,0.0129071091176791,0.00851624491797677));
#2562=CARTESIAN_POINT('',(-0.0049797004498529,0.0100320777224728,0.00864124491797678));
#2563=CARTESIAN_POINT('',(-0.0107717232234538,0.00715704632726649,0.00876624491797677));
#2564=CARTESIAN_POINT('',(-0.0111778843853278,0.000703491768426927,0.00889124491797678));
#2565=CARTESIAN_POINT('',(-0.0115840455472018,-0.00575006279041255,0.00901624491797677));
#2566=CARTESIAN_POINT('',(-0.00619818393547488,-0.00932858595404583,0.00914124491797677));
#2567=CARTESIAN_POINT('',(-0.000812322323748013,-0.0129071091176791,0.00926624491797677));
#2568=CARTESIAN_POINT('',(0.00497970044985293,-0.0100320777224728,0.00939124491797677));
#2569=CARTESIAN_POINT('',(0.0107717232234539,-0.00715704632726646,0.00951624491797677));
#2570=CARTESIAN_POINT('',(0.0111778843853278,-0.000703491768426968,0.00964124491797677));
#2571=CARTESIAN_POINT('',(0.0115840455472018,0.0057500627904126,0.00976624491797677));
#2572=CARTESIAN_POINT('',(0.00619818393547492,0.00932858595404581,0.00989124491797677));
#2573=CARTESIAN_POINT('',(0.000812322323747969,0.0129071091176791,0.0100162449179768));
#2574=CARTESIAN_POINT('',(-0.00497970044985289,0.0100320777224728,0.0101412449179768));
#2575=CARTESIAN_POINT('',(-0.0107717232234538,0.00715704632726649,0.0102662449179768));
#2576=CARTESIAN_POINT('',(-0.0111778843853278,0.00070349176842693,0.0103912449179768));
#2577=CARTESIAN_POINT('',(-0.0111778843853278,0.000703491768426911,-0.00142125508202323));
#2578=CARTESIAN_POINT('',(-0.0115840455472018,-0.00575006279041262,-0.00129625508202322));
#2579=CARTESIAN_POINT('',(-0.00619818393547486,-0.00932858595404585,-0.00117125508202323));
#2580=CARTESIAN_POINT('',(-0.000812322323747926,-0.0129071091176791,-0.00104625508202323));
#2581=CARTESIAN_POINT('',(0.00497970044985297,-0.0100320777224728,-0.000921255082023226));
#2582=CARTESIAN_POINT('',(0.0107717232234539,-0.00715704632726645,-0.000796255082023226));
#2583=CARTESIAN_POINT('',(0.0111778843853278,-0.000703491768426912,-0.000671255082023226));
#2584=CARTESIAN_POINT('',(0.0115840455472018,0.00575006279041262,-0.000546255082023226));
#2585=CARTESIAN_POINT('',(0.00619818393547486,0.00932858595404584,-0.000421255082023226));
#2586=CARTESIAN_POINT('',(0.000812322323747928,0.0129071091176791,-0.000296255082023226));
#2587=CARTESIAN_POINT('',(-0.00497970044985296,0.0100320777224728,-0.000171255082023226));
#2588=CARTESIAN_POINT('',(-0.0107717232234539,0.00715704632726645,-4.62550820232261E-5));
#2589=CARTESIAN_POINT('',(-0.0111778843853278,0.000703491768426913,7.8744917976774E-5));
#2590=CARTESIAN_POINT('',(-0.0115840455472018,-0.00575006279041261,0.000203744917976774));
#2591=CARTESIAN_POINT('',(-0.00619818393547486,-0.00932858595404584,0.000328744917976774));
#2592=CARTESIAN_POINT('',(-0.000812322323747941,-0.0129071091176791,0.000453744917976774));
#2593=CARTESIAN_POINT('',(0.00497970044985296,-0.0100320777224728,0.000578744917976774));
#2594=CARTESIAN_POINT('',(0.0107717232234539,-0.00715704632726646,0.000703744917976775));
#2595=CARTESIAN_POINT('',(0.0111778843853278,-0.000703491768426915,0.000828744917976774));
#2596=CARTESIAN_POINT('',(0.0115840455472018,0.00575006279041261,0.000953744917976774));
#2597=CARTESIAN_POINT('',(0.00619818393547487,0.00932858595404584,0.00107874491797677));
#2598=CARTESIAN_POINT('',(0.00081232232374793,0.0129071091176791,0.00120374491797677));
#2599=CARTESIAN_POINT('',(-0.00497970044985296,0.0100320777224728,0.00132874491797677));
#2600=CARTESIAN_POINT('',(-0.0107717232234539,0.00715704632726646,0.00145374491797677));
#2601=CARTESIAN_POINT('',(-0.0111778843853278,0.000703491768426916,0.00157874491797678));
#2602=CARTESIAN_POINT('',(-0.0115840455472018,-0.00575006279041261,0.00170374491797677));
#2603=CARTESIAN_POINT('',(-0.00619818393547487,-0.00932858595404584,0.00182874491797678));
#2604=CARTESIAN_POINT('',(-0.000812322323747956,-0.0129071091176791,0.00195374491797677));
#2605=CARTESIAN_POINT('',(0.00497970044985296,-0.0100320777224728,0.00207874491797677));
#2606=CARTESIAN_POINT('',(0.0107717232234538,-0.00715704632726646,0.00220374491797677));
#2607=CARTESIAN_POINT('',(0.0111778843853278,-0.000703491768426937,0.00232874491797678));
#2608=CARTESIAN_POINT('',(0.0115840455472018,0.00575006279041261,0.00245374491797677));
#2609=CARTESIAN_POINT('',(0.00619818393547487,0.00932858595404583,0.00257874491797677));
#2610=CARTESIAN_POINT('',(0.000812322323747957,0.0129071091176791,0.00270374491797677));
#2611=CARTESIAN_POINT('',(-0.00497970044985294,0.0100320777224728,0.00282874491797678));
#2612=CARTESIAN_POINT('',(-0.0107717232234538,0.00715704632726648,0.00295374491797677));
#2613=CARTESIAN_POINT('',(-0.0111778843853278,0.000703491768426919,0.00307874491797677));
#2614=CARTESIAN_POINT('',(-0.0115840455472018,-0.0057500627904126,0.00320374491797677));
#2615=CARTESIAN_POINT('',(-0.00619818393547487,-0.00932858595404583,0.00332874491797678));
#2616=CARTESIAN_POINT('',(-0.000812322323747958,-0.0129071091176791,0.00345374491797677));
#2617=CARTESIAN_POINT('',(0.00497970044985294,-0.0100320777224728,0.00357874491797677));
#2618=CARTESIAN_POINT('',(0.0107717232234538,-0.00715704632726648,0.00370374491797678));
#2619=CARTESIAN_POINT('',(0.0111778843853278,-0.00070349176842692,0.00382874491797678));
#2620=CARTESIAN_POINT('',(0.0115840455472018,0.0057500627904126,0.00395374491797677));
#2621=CARTESIAN_POINT('',(0.00619818393547488,0.00932858595404583,0.00407874491797677));
#2622=CARTESIAN_POINT('',(0.00081232232374796,0.0129071091176791,0.00420374491797677));
#2623=CARTESIAN_POINT('',(-0.00497970044985294,0.0100320777224728,0.00432874491797677));
#2624=CARTESIAN_POINT('',(-0.0107717232234538,0.00715704632726648,0.00445374491797677));
#2625=CARTESIAN_POINT('',(-0.0111778843853278,0.000703491768426922,0.00457874491797677));
#2626=CARTESIAN_POINT('',(-0.0115840455472018,-0.0057500627904126,0.00470374491797677));
#2627=CARTESIAN_POINT('',(-0.00619818393547488,-0.00932858595404583,0.00482874491797677));
#2628=CARTESIAN_POINT('',(-0.000812322323747961,-0.0129071091176791,0.00495374491797677));
#2629=CARTESIAN_POINT('',(0.00497970044985293,-0.0100320777224728,0.00507874491797677));
#2630=CARTESIAN_POINT('',(0.0107717232234538,-0.00715704632726648,0.00520374491797678));
#2631=CARTESIAN_POINT('',(0.0111778843853278,-0.000703491768426963,0.00532874491797677));
#2632=CARTESIAN_POINT('',(0.0115840455472018,0.0057500627904126,0.00545374491797678));
#2633=CARTESIAN_POINT('',(0.00619818393547488,0.00932858595404583,0.00557874491797678));
#2634=CARTESIAN_POINT('',(0.000812322323747962,0.0129071091176791,0.00570374491797678));
#2635=CARTESIAN_POINT('',(-0.00497970044985293,0.0100320777224728,0.00582874491797678));
#2636=CARTESIAN_POINT('',(-0.0107717232234538,0.00715704632726648,0.00595374491797678));
#2637=CARTESIAN_POINT('',(-0.0111778843853278,0.000703491768426964,0.00607874491797677));
#2638=CARTESIAN_POINT('',(-0.0115840455472018,-0.0057500627904126,0.00620374491797678));
#2639=CARTESIAN_POINT('',(-0.00619818393547488,-0.00932858595404583,0.00632874491797677));
#2640=CARTESIAN_POINT('',(-0.00081232232374801,-0.0129071091176791,0.00645374491797678));
#2641=CARTESIAN_POINT('',(0.00497970044985293,-0.0100320777224728,0.00657874491797677));
#2642=CARTESIAN_POINT('',(0.0107717232234539,-0.00715704632726645,0.00670374491797678));
#2643=CARTESIAN_POINT('',(0.0111778843853278,-0.000703491768426965,0.00682874491797677));
#2644=CARTESIAN_POINT('',(0.0115840455472018,0.0057500627904126,0.00695374491797677));
#2645=CARTESIAN_POINT('',(0.00619818393547491,0.00932858595404581,0.00707874491797677));
#2646=CARTESIAN_POINT('',(0.000812322323747966,0.0129071091176791,0.00720374491797677));
#2647=CARTESIAN_POINT('',(-0.0049797004498529,0.0100320777224728,0.00732874491797677));
#2648=CARTESIAN_POINT('',(-0.0107717232234538,0.00715704632726649,0.00745374491797677));
#2649=CARTESIAN_POINT('',(-0.0111778843853278,0.000703491768426927,0.00757874491797678));
#2650=CARTESIAN_POINT('',(-0.0115840455472018,-0.00575006279041255,0.00770374491797677));
#2651=CARTESIAN_POINT('',(-0.00619818393547488,-0.00932858595404583,0.00782874491797677));
#2652=CARTESIAN_POINT('',(-0.000812322323748013,-0.0129071091176791,0.00795374491797677));
#2653=CARTESIAN_POINT('',(0.00497970044985293,-0.0100320777224728,0.00807874491797677));
#2654=CARTESIAN_POINT('',(0.0107717232234539,-0.00715704632726646,0.00820374491797677));
#2655=CARTESIAN_POINT('',(0.0111778843853278,-0.000703491768426968,0.00832874491797677));
#2656=CARTESIAN_POINT('',(0.0115840455472018,0.0057500627904126,0.00845374491797677));
#2657=CARTESIAN_POINT('',(0.00619818393547492,0.00932858595404581,0.00857874491797677));
#2658=CARTESIAN_POINT('',(0.000812322323747969,0.0129071091176791,0.00870374491797677));
#2659=CARTESIAN_POINT('',(-0.00497970044985289,0.0100320777224728,0.00882874491797677));
#2660=CARTESIAN_POINT('',(-0.0107717232234538,0.00715704632726649,0.00895374491797677));
#2661=CARTESIAN_POINT('',(-0.0111778843853278,0.00070349176842693,0.00907874491797677));
#2662=CARTESIAN_POINT('',(0.00922595522174595,0.0063499409640042,-0.000510858462292773));
#2663=CARTESIAN_POINT('',(0.00799968128537287,0.00813161869781386,-0.000463065879435276));
#2664=CARTESIAN_POINT('',(0.00619818393547486,0.00932858595404584,-0.000421255082023226));
#2665=CARTESIAN_POINT('',(0.000812322323747928,0.0129071091176791,-0.000296255082023226));
#2666=CARTESIAN_POINT('',(-0.00497970044985296,0.0100320777224728,-0.000171255082023226));
#2667=CARTESIAN_POINT('',(-0.0107717232234539,0.00715704632726645,-4.62550820232259E-5));
#2668=CARTESIAN_POINT('',(-0.0111778843853278,0.000703491768426911,7.87449179767742E-5));
#2669=CARTESIAN_POINT('',(-0.0115840455472018,-0.00575006279041262,0.000203744917976774));
#2670=CARTESIAN_POINT('',(-0.00619818393547486,-0.00932858595404584,0.000328744917976774));
#2671=CARTESIAN_POINT('',(-0.000812322323747926,-0.0129071091176791,0.000453744917976774));
#2672=CARTESIAN_POINT('',(0.00497970044985297,-0.0100320777224727,0.000578744917976774));
#2673=CARTESIAN_POINT('',(0.0107717232234539,-0.00715704632726645,0.000703744917976775));
#2674=CARTESIAN_POINT('',(0.0111778843853278,-0.000703491768426912,0.000828744917976774));
#2675=CARTESIAN_POINT('',(0.0115840455472018,0.00575006279041261,0.000953744917976774));
#2676=CARTESIAN_POINT('',(0.00619818393547486,0.00932858595404584,0.00107874491797677));
#2677=CARTESIAN_POINT('',(0.000812322323747928,0.0129071091176791,0.00120374491797677));
#2678=CARTESIAN_POINT('',(-0.00497970044985296,0.0100320777224728,0.00132874491797677));
#2679=CARTESIAN_POINT('',(-0.0107717232234539,0.00715704632726645,0.00145374491797677));
#2680=CARTESIAN_POINT('',(-0.0111778843853278,0.000703491768426911,0.00157874491797678));
#2681=CARTESIAN_POINT('',(-0.0115840455472018,-0.00575006279041262,0.00170374491797677));
#2682=CARTESIAN_POINT('',(-0.00619818393547486,-0.00932858595404584,0.00182874491797678));
#2683=CARTESIAN_POINT('',(-0.000812322323747926,-0.0129071091176791,0.00195374491797677));
#2684=CARTESIAN_POINT('',(0.00497970044985297,-0.0100320777224727,0.00207874491797677));
#2685=CARTESIAN_POINT('',(0.0107717232234539,-0.00715704632726645,0.00220374491797677));
#2686=CARTESIAN_POINT('',(0.0111778843853278,-0.000703491768426912,0.00232874491797678));
#2687=CARTESIAN_POINT('',(0.0115840455472018,0.00575006279041261,0.00245374491797677));
#2688=CARTESIAN_POINT('',(0.00619818393547486,0.00932858595404584,0.00257874491797677));
#2689=CARTESIAN_POINT('',(0.000812322323747928,0.0129071091176791,0.00270374491797677));
#2690=CARTESIAN_POINT('',(-0.00497970044985296,0.0100320777224728,0.00282874491797678));
#2691=CARTESIAN_POINT('',(-0.0107717232234539,0.00715704632726645,0.00295374491797677));
#2692=CARTESIAN_POINT('',(-0.0111778843853278,0.000703491768426911,0.00307874491797677));
#2693=CARTESIAN_POINT('',(-0.0115840455472018,-0.00575006279041262,0.00320374491797677));
#2694=CARTESIAN_POINT('',(-0.00619818393547486,-0.00932858595404584,0.00332874491797678));
#2695=CARTESIAN_POINT('',(-0.000812322323747926,-0.0129071091176791,0.00345374491797677));
#2696=CARTESIAN_POINT('',(0.00497970044985297,-0.0100320777224727,0.00357874491797677));
#2697=CARTESIAN_POINT('',(0.0107717232234539,-0.00715704632726645,0.00370374491797678));
#2698=CARTESIAN_POINT('',(0.0111778843853278,-0.000703491768426912,0.00382874491797678));
#2699=CARTESIAN_POINT('',(0.0115840455472018,0.00575006279041261,0.00395374491797677));
#2700=CARTESIAN_POINT('',(0.00619818393547486,0.00932858595404584,0.00407874491797677));
#2701=CARTESIAN_POINT('',(0.000812322323747928,0.0129071091176791,0.00420374491797678));
#2702=CARTESIAN_POINT('',(-0.00497970044985296,0.0100320777224728,0.00432874491797677));
#2703=CARTESIAN_POINT('',(-0.0107717232234539,0.00715704632726645,0.00445374491797678));
#2704=CARTESIAN_POINT('',(-0.0111778843853278,0.000703491768426911,0.00457874491797677));
#2705=CARTESIAN_POINT('',(-0.0115840455472018,-0.00575006279041262,0.00470374491797678));
#2706=CARTESIAN_POINT('',(-0.00619818393547486,-0.00932858595404584,0.00482874491797678));
#2707=CARTESIAN_POINT('',(-0.000812322323747926,-0.0129071091176791,0.00495374491797678));
#2708=CARTESIAN_POINT('',(0.00497970044985297,-0.0100320777224727,0.00507874491797678));
#2709=CARTESIAN_POINT('',(0.0107717232234539,-0.00715704632726645,0.00520374491797678));
#2710=CARTESIAN_POINT('',(0.0111778843853278,-0.000703491768426912,0.00532874491797677));
#2711=CARTESIAN_POINT('',(0.0115840455472018,0.00575006279041261,0.00545374491797678));
#2712=CARTESIAN_POINT('',(0.00619818393547486,0.00932858595404584,0.00557874491797678));
#2713=CARTESIAN_POINT('',(0.000812322323747928,0.0129071091176791,0.00570374491797678));
#2714=CARTESIAN_POINT('',(-0.00497970044985296,0.0100320777224728,0.00582874491797678));
#2715=CARTESIAN_POINT('',(-0.0107717232234539,0.00715704632726645,0.00595374491797678));
#2716=CARTESIAN_POINT('',(-0.0111778843853278,0.000703491768426911,0.00607874491797677));
#2717=CARTESIAN_POINT('',(-0.0115840455472018,-0.00575006279041262,0.00620374491797678));
#2718=CARTESIAN_POINT('',(-0.00619818393547486,-0.00932858595404584,0.00632874491797677));
#2719=CARTESIAN_POINT('',(-0.00495007757270683,-0.0101578641367824,0.00635771211145354));
#2720=CARTESIAN_POINT('',(-0.00352786746224147,-0.0106298707032992,0.00639005696341586));
#2721=CARTESIAN_POINT('',(0.00855715681804536,0.00588962761126768,-4.21084622927727E-5));
#2722=CARTESIAN_POINT('',(0.00741977666355547,0.00754214980555421,5.68412056472423E-6));
#2723=CARTESIAN_POINT('',(0.005748871596291,0.00865234774944843,4.74949179767742E-5));
#2724=CARTESIAN_POINT('',(0.000753436294024693,0.0119714603131036,0.000172494917976774));
#2725=CARTESIAN_POINT('',(-0.00461871715525395,0.00930484272020702,0.000297494917976774));
#2726=CARTESIAN_POINT('',(-0.0099908706045326,0.0066382251273104,0.000422494917976774));
#2727=CARTESIAN_POINT('',(-0.010367588751545,0.000652494970758584,0.000547494917976774));
#2728=CARTESIAN_POINT('',(-0.0107443068985573,-0.00533323518579323,0.000672494917976774));
#2729=CARTESIAN_POINT('',(-0.005748871596291,-0.00865234774944843,0.000797494917976774));
#2730=CARTESIAN_POINT('',(-0.000753436294024691,-0.0119714603131036,0.000922494917976775));
#2731=CARTESIAN_POINT('',(0.00461871715525396,-0.00930484272020702,0.00104749491797677));
#2732=CARTESIAN_POINT('',(0.0099908706045326,-0.0066382251273104,0.00117249491797677));
#2733=CARTESIAN_POINT('',(0.010367588751545,-0.000652494970758585,0.00129749491797677));
#2734=CARTESIAN_POINT('',(0.0107443068985573,0.00533323518579323,0.00142249491797677));
#2735=CARTESIAN_POINT('',(0.005748871596291,0.00865234774944843,0.00154749491797678));
#2736=CARTESIAN_POINT('',(0.000753436294024693,0.0119714603131036,0.00167249491797677));
#2737=CARTESIAN_POINT('',(-0.00461871715525395,0.00930484272020702,0.00179749491797678));
#2738=CARTESIAN_POINT('',(-0.0099908706045326,0.0066382251273104,0.00192249491797677));
#2739=CARTESIAN_POINT('',(-0.010367588751545,0.000652494970758584,0.00204749491797678));
#2740=CARTESIAN_POINT('',(-0.0107443068985573,-0.00533323518579323,0.00217249491797677));
#2741=CARTESIAN_POINT('',(-0.005748871596291,-0.00865234774944843,0.00229749491797678));
#2742=CARTESIAN_POINT('',(-0.000753436294024691,-0.0119714603131036,0.00242249491797677));
#2743=CARTESIAN_POINT('',(0.00461871715525396,-0.00930484272020702,0.00254749491797677));
#2744=CARTESIAN_POINT('',(0.0099908706045326,-0.0066382251273104,0.00267249491797677));
#2745=CARTESIAN_POINT('',(0.010367588751545,-0.000652494970758585,0.00279749491797678));
#2746=CARTESIAN_POINT('',(0.0107443068985573,0.00533323518579323,0.00292249491797677));
#2747=CARTESIAN_POINT('',(0.005748871596291,0.00865234774944843,0.00304749491797677));
#2748=CARTESIAN_POINT('',(0.000753436294024693,0.0119714603131036,0.00317249491797677));
#2749=CARTESIAN_POINT('',(-0.00461871715525395,0.00930484272020702,0.00329749491797678));
#2750=CARTESIAN_POINT('',(-0.0099908706045326,0.0066382251273104,0.00342249491797677));
#2751=CARTESIAN_POINT('',(-0.010367588751545,0.000652494970758584,0.00354749491797677));
#2752=CARTESIAN_POINT('',(-0.0107443068985573,-0.00533323518579323,0.00367249491797677));
#2753=CARTESIAN_POINT('',(-0.005748871596291,-0.00865234774944843,0.00379749491797678));
#2754=CARTESIAN_POINT('',(-0.000753436294024691,-0.0119714603131036,0.00392249491797677));
#2755=CARTESIAN_POINT('',(0.00461871715525396,-0.00930484272020702,0.00404749491797677));
#2756=CARTESIAN_POINT('',(0.0099908706045326,-0.0066382251273104,0.00417249491797677));
#2757=CARTESIAN_POINT('',(0.010367588751545,-0.000652494970758585,0.00429749491797677));
#2758=CARTESIAN_POINT('',(0.0107443068985573,0.00533323518579323,0.00442249491797677));
#2759=CARTESIAN_POINT('',(0.005748871596291,0.00865234774944843,0.00454749491797677));
#2760=CARTESIAN_POINT('',(0.000753436294024693,0.0119714603131036,0.00467249491797677));
#2761=CARTESIAN_POINT('',(-0.00461871715525395,0.00930484272020702,0.00479749491797677));
#2762=CARTESIAN_POINT('',(-0.0099908706045326,0.0066382251273104,0.00492249491797678));
#2763=CARTESIAN_POINT('',(-0.010367588751545,0.000652494970758584,0.00504749491797677));
#2764=CARTESIAN_POINT('',(-0.0107443068985573,-0.00533323518579323,0.00517249491797677));
#2765=CARTESIAN_POINT('',(-0.005748871596291,-0.00865234774944843,0.00529749491797677));
#2766=CARTESIAN_POINT('',(-0.000753436294024691,-0.0119714603131036,0.00542249491797677));
#2767=CARTESIAN_POINT('',(0.00461871715525396,-0.00930484272020702,0.00554749491797677));
#2768=CARTESIAN_POINT('',(0.0099908706045326,-0.0066382251273104,0.00567249491797677));
#2769=CARTESIAN_POINT('',(0.010367588751545,-0.000652494970758585,0.00579749491797677));
#2770=CARTESIAN_POINT('',(0.0107443068985573,0.00533323518579323,0.00592249491797677));
#2771=CARTESIAN_POINT('',(0.005748871596291,0.00865234774944843,0.00604749491797677));
#2772=CARTESIAN_POINT('',(0.000753436294024693,0.0119714603131036,0.00617249491797677));
#2773=CARTESIAN_POINT('',(-0.00461871715525395,0.00930484272020702,0.00629749491797677));
#2774=CARTESIAN_POINT('',(-0.0099908706045326,0.0066382251273104,0.00642249491797677));
#2775=CARTESIAN_POINT('',(-0.010367588751545,0.000652494970758584,0.00654749491797677));
#2776=CARTESIAN_POINT('',(-0.0107443068985573,-0.00533323518579323,0.00667249491797677));
#2777=CARTESIAN_POINT('',(-0.005748871596291,-0.00865234774944843,0.00679749491797677));
#2778=CARTESIAN_POINT('',(-0.00459124166907951,-0.00942151075586906,0.00682646211145354));
#2779=CARTESIAN_POINT('',(-0.00327212894297649,-0.00985930111055354,0.00685880696341586));
#2780=CARTESIAN_POINT('',(-0.010367588751545,0.000652494970758584,-0.000952505082023226));
#2781=CARTESIAN_POINT('',(-0.0107443068985573,-0.00533323518579323,-0.000827505082023225));
#2782=CARTESIAN_POINT('',(-0.005748871596291,-0.00865234774944843,-0.000702505082023226));
#2783=CARTESIAN_POINT('',(-0.000753436294024691,-0.0119714603131036,-0.000577505082023226));
#2784=CARTESIAN_POINT('',(0.00461871715525396,-0.00930484272020702,-0.000452505082023226));
#2785=CARTESIAN_POINT('',(0.0099908706045326,-0.0066382251273104,-0.000327505082023226));
#2786=CARTESIAN_POINT('',(0.010367588751545,-0.000652494970758585,-0.000202505082023226));
#2787=CARTESIAN_POINT('',(0.0107443068985573,0.00533323518579323,-7.75050820232257E-5));
#2788=CARTESIAN_POINT('',(0.005748871596291,0.00865234774944843,4.74949179767743E-5));
#2789=CARTESIAN_POINT('',(0.000753436294024693,0.0119714603131036,0.000172494917976774));
#2790=CARTESIAN_POINT('',(-0.00461871715525395,0.00930484272020702,0.000297494917976774));
#2791=CARTESIAN_POINT('',(-0.0099908706045326,0.0066382251273104,0.000422494917976774));
#2792=CARTESIAN_POINT('',(-0.010367588751545,0.000652494970758586,0.000547494917976774));
#2793=CARTESIAN_POINT('',(-0.0107443068985573,-0.00533323518579322,0.000672494917976774));
#2794=CARTESIAN_POINT('',(-0.005748871596291,-0.00865234774944843,0.000797494917976774));
#2795=CARTESIAN_POINT('',(-0.000753436294024705,-0.0119714603131036,0.000922494917976775));
#2796=CARTESIAN_POINT('',(0.00461871715525395,-0.00930484272020702,0.00104749491797677));
#2797=CARTESIAN_POINT('',(0.0099908706045326,-0.00663822512731042,0.00117249491797678));
#2798=CARTESIAN_POINT('',(0.010367588751545,-0.000652494970758588,0.00129749491797677));
#2799=CARTESIAN_POINT('',(0.0107443068985573,0.00533323518579322,0.00142249491797677));
#2800=CARTESIAN_POINT('',(0.00574887159629101,0.00865234774944843,0.00154749491797678));
#2801=CARTESIAN_POINT('',(0.000753436294024695,0.0119714603131036,0.00167249491797677));
#2802=CARTESIAN_POINT('',(-0.00461871715525395,0.00930484272020702,0.00179749491797678));
#2803=CARTESIAN_POINT('',(-0.0099908706045326,0.00663822512731042,0.00192249491797677));
#2804=CARTESIAN_POINT('',(-0.010367588751545,0.000652494970758589,0.00204749491797678));
#2805=CARTESIAN_POINT('',(-0.0107443068985573,-0.00533323518579322,0.00217249491797677));
#2806=CARTESIAN_POINT('',(-0.00574887159629101,-0.00865234774944843,0.00229749491797678));
#2807=CARTESIAN_POINT('',(-0.000753436294024718,-0.0119714603131036,0.00242249491797677));
#2808=CARTESIAN_POINT('',(0.00461871715525395,-0.00930484272020702,0.00254749491797677));
#2809=CARTESIAN_POINT('',(0.00999087060453259,-0.00663822512731042,0.00267249491797677));
#2810=CARTESIAN_POINT('',(0.010367588751545,-0.000652494970758609,0.00279749491797678));
#2811=CARTESIAN_POINT('',(0.0107443068985573,0.00533323518579322,0.00292249491797677));
#2812=CARTESIAN_POINT('',(0.00574887159629101,0.00865234774944842,0.00304749491797677));
#2813=CARTESIAN_POINT('',(0.00075343629402472,0.0119714603131036,0.00317249491797677));
#2814=CARTESIAN_POINT('',(-0.00461871715525393,0.00930484272020703,0.00329749491797678));
#2815=CARTESIAN_POINT('',(-0.00999087060453258,0.00663822512731044,0.00342249491797677));
#2816=CARTESIAN_POINT('',(-0.010367588751545,0.000652494970758591,0.00354749491797677));
#2817=CARTESIAN_POINT('',(-0.0107443068985573,-0.00533323518579322,0.00367249491797677));
#2818=CARTESIAN_POINT('',(-0.00574887159629101,-0.00865234774944842,0.00379749491797678));
#2819=CARTESIAN_POINT('',(-0.000753436294024721,-0.0119714603131036,0.00392249491797677));
#2820=CARTESIAN_POINT('',(0.00461871715525393,-0.00930484272020703,0.00404749491797677));
#2821=CARTESIAN_POINT('',(0.00999087060453258,-0.00663822512731044,0.00417249491797677));
#2822=CARTESIAN_POINT('',(0.010367588751545,-0.000652494970758593,0.00429749491797677));
#2823=CARTESIAN_POINT('',(0.0107443068985573,0.00533323518579322,0.00442249491797677));
#2824=CARTESIAN_POINT('',(0.00574887159629101,0.00865234774944842,0.00454749491797677));
#2825=CARTESIAN_POINT('',(0.000753436294024723,0.0119714603131036,0.00467249491797677));
#2826=CARTESIAN_POINT('',(-0.00461871715525393,0.00930484272020703,0.00479749491797677));
#2827=CARTESIAN_POINT('',(-0.00999087060453258,0.00663822512731044,0.00492249491797678));
#2828=CARTESIAN_POINT('',(-0.010367588751545,0.000652494970758594,0.00504749491797677));
#2829=CARTESIAN_POINT('',(-0.0107443068985573,-0.00533323518579322,0.00517249491797677));
#2830=CARTESIAN_POINT('',(-0.00574887159629102,-0.00865234774944842,0.00529749491797677));
#2831=CARTESIAN_POINT('',(-0.000753436294024724,-0.0119714603131036,0.00542249491797677));
#2832=CARTESIAN_POINT('',(0.00461871715525393,-0.00930484272020703,0.00554749491797677));
#2833=CARTESIAN_POINT('',(0.00999087060453258,-0.00663822512731044,0.00567249491797677));
#2834=CARTESIAN_POINT('',(0.0103675887515449,-0.000652494970758632,0.00579749491797677));
#2835=CARTESIAN_POINT('',(0.0107443068985573,0.00533323518579321,0.00592249491797677));
#2836=CARTESIAN_POINT('',(0.00574887159629102,0.00865234774944842,0.00604749491797677));
#2837=CARTESIAN_POINT('',(0.000753436294024725,0.0119714603131036,0.00617249491797677));
#2838=CARTESIAN_POINT('',(-0.00461871715525393,0.00930484272020703,0.00629749491797677));
#2839=CARTESIAN_POINT('',(-0.00999087060453258,0.00663822512731044,0.00642249491797677));
#2840=CARTESIAN_POINT('',(-0.0103675887515449,0.000652494970758633,0.00654749491797677));
#2841=CARTESIAN_POINT('',(-0.0107443068985573,-0.00533323518579321,0.00667249491797677));
#2842=CARTESIAN_POINT('',(-0.00574887159629102,-0.00865234774944842,0.00679749491797677));
#2843=CARTESIAN_POINT('',(-0.000753436294024769,-0.0119714603131036,0.00692249491797677));
#2844=CARTESIAN_POINT('',(0.00461871715525393,-0.00930484272020704,0.00704749491797677));
#2845=CARTESIAN_POINT('',(0.0099908706045326,-0.0066382251273104,0.00717249491797677));
#2846=CARTESIAN_POINT('',(0.0103675887515449,-0.000652494970758635,0.00729749491797677));
#2847=CARTESIAN_POINT('',(0.0107443068985573,0.00533323518579321,0.00742249491797677));
#2848=CARTESIAN_POINT('',(0.00574887159629105,0.0086523477494484,0.00754749491797678));
#2849=CARTESIAN_POINT('',(0.000753436294024729,0.0119714603131036,0.00767249491797677));
#2850=CARTESIAN_POINT('',(-0.00461871715525389,0.00930484272020705,0.00779749491797678));
#2851=CARTESIAN_POINT('',(-0.00999087060453258,0.00663822512731044,0.00792249491797677));
#2852=CARTESIAN_POINT('',(-0.010367588751545,0.000652494970758599,0.00804749491797678));
#2853=CARTESIAN_POINT('',(-0.0107443068985573,-0.00533323518579317,0.00817249491797677));
#2854=CARTESIAN_POINT('',(-0.00574887159629102,-0.00865234774944842,0.00829749491797677));
#2855=CARTESIAN_POINT('',(-0.000753436294024773,-0.0119714603131036,0.00842249491797677));
#2856=CARTESIAN_POINT('',(0.00461871715525393,-0.00930484272020704,0.00854749491797677));
#2857=CARTESIAN_POINT('',(0.0099908706045326,-0.0066382251273104,0.00867249491797677));
#2858=CARTESIAN_POINT('',(0.0103675887515449,-0.000652494970758637,0.00879749491797677));
#2859=CARTESIAN_POINT('',(0.0107443068985573,0.00533323518579321,0.00892249491797677));
#2860=CARTESIAN_POINT('',(0.00574887159629105,0.0086523477494484,0.00904749491797677));
#2861=CARTESIAN_POINT('',(0.000753436294024731,0.0119714603131036,0.00917249491797677));
#2862=CARTESIAN_POINT('',(-0.00461871715525389,0.00930484272020705,0.00929749491797677));
#2863=CARTESIAN_POINT('',(-0.00999087060453258,0.00663822512731045,0.00942249491797678));
#2864=CARTESIAN_POINT('',(-0.010367588751545,0.000652494970758602,0.00954749491797677));
#2865=CARTESIAN_POINT('',(-0.00661352473731743,0.00801086367109797,0.00635));
#2866=CARTESIAN_POINT('',(-0.00661352473731742,0.00801086367109798,0.00635));
#2867=CARTESIAN_POINT('',(-0.00803082355889095,0.00693282862853244,0.00635));
#2868=CARTESIAN_POINT('',(-0.0102785627026454,0.00407889494725369,0.00635));
#2869=CARTESIAN_POINT('',(-0.0111606227824483,-0.00131639255917342,0.00635));
#2870=CARTESIAN_POINT('',(-0.00943265655569449,-0.00647445330659888,0.00635));
#2871=CARTESIAN_POINT('',(-0.00681820683919118,-0.0089843838769792,0.00635));
#2872=CARTESIAN_POINT('',(-0.00527865319105943,-0.00987804740262558,0.00635));
#2873=CARTESIAN_POINT('',(0.,0.,0.));
#2874=CARTESIAN_POINT('',(-0.010367588751545,0.000652494970758584,-0.000577505082023226));
#2875=CARTESIAN_POINT('',(-0.0107443068985573,-0.00533323518579323,-0.000452505082023225));
#2876=CARTESIAN_POINT('',(-0.005748871596291,-0.00865234774944843,-0.000327505082023226));
#2877=CARTESIAN_POINT('',(-0.000753436294024691,-0.0119714603131036,-0.000202505082023226));
#2878=CARTESIAN_POINT('',(0.00461871715525396,-0.00930484272020702,-7.75050820232258E-5));
#2879=CARTESIAN_POINT('',(0.0099908706045326,-0.0066382251273104,4.74949179767742E-5));
#2880=CARTESIAN_POINT('',(0.010367588751545,-0.000652494970758585,0.000172494917976774));
#2881=CARTESIAN_POINT('',(0.0107443068985573,0.00533323518579323,0.000297494917976774));
#2882=CARTESIAN_POINT('',(0.005748871596291,0.00865234774944843,0.000422494917976774));
#2883=CARTESIAN_POINT('',(0.000753436294024693,0.0119714603131036,0.000547494917976774));
#2884=CARTESIAN_POINT('',(-0.00461871715525395,0.00930484272020702,0.000672494917976774));
#2885=CARTESIAN_POINT('',(-0.0099908706045326,0.0066382251273104,0.000797494917976774));
#2886=CARTESIAN_POINT('',(-0.010367588751545,0.000652494970758586,0.000922494917976774));
#2887=CARTESIAN_POINT('',(-0.0107443068985573,-0.00533323518579322,0.00104749491797677));
#2888=CARTESIAN_POINT('',(-0.005748871596291,-0.00865234774944843,0.00117249491797677));
#2889=CARTESIAN_POINT('',(-0.000753436294024705,-0.0119714603131036,0.00129749491797677));
#2890=CARTESIAN_POINT('',(0.00461871715525395,-0.00930484272020702,0.00142249491797677));
#2891=CARTESIAN_POINT('',(0.0099908706045326,-0.00663822512731042,0.00154749491797677));
#2892=CARTESIAN_POINT('',(0.010367588751545,-0.000652494970758588,0.00167249491797678));
#2893=CARTESIAN_POINT('',(0.0107443068985573,0.00533323518579322,0.00179749491797678));
#2894=CARTESIAN_POINT('',(0.00574887159629101,0.00865234774944843,0.00192249491797678));
#2895=CARTESIAN_POINT('',(0.000753436294024695,0.0119714603131036,0.00204749491797677));
#2896=CARTESIAN_POINT('',(-0.00461871715525395,0.00930484272020702,0.00217249491797677));
#2897=CARTESIAN_POINT('',(-0.0099908706045326,0.00663822512731042,0.00229749491797677));
#2898=CARTESIAN_POINT('',(-0.010367588751545,0.000652494970758589,0.00242249491797678));
#2899=CARTESIAN_POINT('',(-0.0107443068985573,-0.00533323518579322,0.00254749491797677));
#2900=CARTESIAN_POINT('',(-0.00574887159629101,-0.00865234774944843,0.00267249491797677));
#2901=CARTESIAN_POINT('',(-0.000753436294024718,-0.0119714603131036,0.00279749491797677));
#2902=CARTESIAN_POINT('',(0.00461871715525395,-0.00930484272020702,0.00292249491797678));
#2903=CARTESIAN_POINT('',(0.00999087060453259,-0.00663822512731042,0.00304749491797677));
#2904=CARTESIAN_POINT('',(0.010367588751545,-0.000652494970758609,0.00317249491797677));
#2905=CARTESIAN_POINT('',(0.0107443068985573,0.00533323518579322,0.00329749491797677));
#2906=CARTESIAN_POINT('',(0.00574887159629101,0.00865234774944842,0.00342249491797678));
#2907=CARTESIAN_POINT('',(0.00075343629402472,0.0119714603131036,0.00354749491797677));
#2908=CARTESIAN_POINT('',(-0.00461871715525393,0.00930484272020703,0.00367249491797677));
#2909=CARTESIAN_POINT('',(-0.00999087060453258,0.00663822512731044,0.00379749491797677));
#2910=CARTESIAN_POINT('',(-0.010367588751545,0.000652494970758591,0.00392249491797677));
#2911=CARTESIAN_POINT('',(-0.0107443068985573,-0.00533323518579322,0.00404749491797677));
#2912=CARTESIAN_POINT('',(-0.00574887159629101,-0.00865234774944842,0.00417249491797678));
#2913=CARTESIAN_POINT('',(-0.000753436294024721,-0.0119714603131036,0.00429749491797677));
#2914=CARTESIAN_POINT('',(0.00461871715525393,-0.00930484272020703,0.00442249491797677));
#2915=CARTESIAN_POINT('',(0.00999087060453258,-0.00663822512731044,0.00454749491797677));
#2916=CARTESIAN_POINT('',(0.010367588751545,-0.000652494970758593,0.00467249491797678));
#2917=CARTESIAN_POINT('',(0.0107443068985573,0.00533323518579322,0.00479749491797677));
#2918=CARTESIAN_POINT('',(0.00574887159629101,0.00865234774944842,0.00492249491797677));
#2919=CARTESIAN_POINT('',(0.000753436294024723,0.0119714603131036,0.00504749491797677));
#2920=CARTESIAN_POINT('',(-0.00461871715525393,0.00930484272020703,0.00517249491797677));
#2921=CARTESIAN_POINT('',(-0.00999087060453258,0.00663822512731044,0.00529749491797678));
#2922=CARTESIAN_POINT('',(-0.010367588751545,0.000652494970758594,0.00542249491797677));
#2923=CARTESIAN_POINT('',(-0.0107443068985573,-0.00533323518579322,0.00554749491797678));
#2924=CARTESIAN_POINT('',(-0.00574887159629102,-0.00865234774944842,0.00567249491797678));
#2925=CARTESIAN_POINT('',(-0.000753436294024724,-0.0119714603131036,0.00579749491797678));
#2926=CARTESIAN_POINT('',(0.00461871715525393,-0.00930484272020703,0.00592249491797678));
#2927=CARTESIAN_POINT('',(0.00999087060453258,-0.00663822512731044,0.00604749491797678));
#2928=CARTESIAN_POINT('',(0.0103675887515449,-0.000652494970758632,0.00617249491797677));
#2929=CARTESIAN_POINT('',(0.0107443068985573,0.00533323518579321,0.00629749491797678));
#2930=CARTESIAN_POINT('',(0.00574887159629102,0.00865234774944842,0.00642249491797677));
#2931=CARTESIAN_POINT('',(0.000753436294024725,0.0119714603131036,0.00654749491797678));
#2932=CARTESIAN_POINT('',(-0.00461871715525393,0.00930484272020703,0.00667249491797678));
#2933=CARTESIAN_POINT('',(-0.00999087060453258,0.00663822512731044,0.00679749491797678));
#2934=CARTESIAN_POINT('',(-0.0103675887515449,0.000652494970758633,0.00692249491797677));
#2935=CARTESIAN_POINT('',(-0.0107443068985573,-0.00533323518579321,0.00704749491797678));
#2936=CARTESIAN_POINT('',(-0.00574887159629102,-0.00865234774944842,0.00717249491797677));
#2937=CARTESIAN_POINT('',(-0.000753436294024769,-0.0119714603131036,0.00729749491797678));
#2938=CARTESIAN_POINT('',(0.00461871715525393,-0.00930484272020704,0.00742249491797677));
#2939=CARTESIAN_POINT('',(0.0099908706045326,-0.0066382251273104,0.00754749491797678));
#2940=CARTESIAN_POINT('',(0.0103675887515449,-0.000652494970758635,0.00767249491797678));
#2941=CARTESIAN_POINT('',(0.0107443068985573,0.00533323518579321,0.00779749491797678));
#2942=CARTESIAN_POINT('',(0.00574887159629105,0.0086523477494484,0.00792249491797678));
#2943=CARTESIAN_POINT('',(0.000753436294024729,0.0119714603131036,0.00804749491797678));
#2944=CARTESIAN_POINT('',(-0.00461871715525389,0.00930484272020705,0.00817249491797678));
#2945=CARTESIAN_POINT('',(-0.00999087060453258,0.00663822512731044,0.00829749491797678));
#2946=CARTESIAN_POINT('',(-0.010367588751545,0.000652494970758599,0.00842249491797678));
#2947=CARTESIAN_POINT('',(-0.0107443068985573,-0.00533323518579317,0.00854749491797677));
#2948=CARTESIAN_POINT('',(-0.00574887159629102,-0.00865234774944842,0.00867249491797677));
#2949=CARTESIAN_POINT('',(-0.000753436294024773,-0.0119714603131036,0.00879749491797677));
#2950=CARTESIAN_POINT('',(0.00461871715525393,-0.00930484272020704,0.00892249491797677));
#2951=CARTESIAN_POINT('',(0.0099908706045326,-0.0066382251273104,0.00904749491797677));
#2952=CARTESIAN_POINT('',(0.0103675887515449,-0.000652494970758637,0.00917249491797677));
#2953=CARTESIAN_POINT('',(0.0107443068985573,0.00533323518579321,0.00929749491797677));
#2954=CARTESIAN_POINT('',(0.00574887159629105,0.0086523477494484,0.00942249491797677));
#2955=CARTESIAN_POINT('',(0.000753436294024731,0.0119714603131036,0.00954749491797677));
#2956=CARTESIAN_POINT('',(-0.00461871715525389,0.00930484272020705,0.00967249491797677));
#2957=CARTESIAN_POINT('',(-0.00999087060453258,0.00663822512731045,0.00979749491797677));
#2958=CARTESIAN_POINT('',(-0.010367588751545,0.000652494970758602,0.00992249491797677));
#2959=CARTESIAN_POINT('',(0.00812729250142733,0.00646991211719833,0.00635));
#2960=CARTESIAN_POINT('',(0.,0.,0.00635));
#2961=CARTESIAN_POINT('',(-0.0101341987091858,-0.00228268761129573,-0.000511735740173131));
#2962=CARTESIAN_POINT('',(-0.0092187620835284,-0.0063468515486524,-0.000414331611576696));
#2963=CARTESIAN_POINT('',(-0.005748871596291,-0.00865234774944843,-0.000327505082023226));
#2964=CARTESIAN_POINT('',(-0.000753436294024691,-0.0119714603131036,-0.000202505082023226));
#2965=CARTESIAN_POINT('',(0.00461871715525396,-0.00930484272020702,-7.75050820232257E-5));
#2966=CARTESIAN_POINT('',(0.0099908706045326,-0.0066382251273104,4.74949179767743E-5));
#2967=CARTESIAN_POINT('',(0.010367588751545,-0.000652494970758585,0.000172494917976774));
#2968=CARTESIAN_POINT('',(0.0107443068985573,0.00533323518579323,0.000297494917976774));
#2969=CARTESIAN_POINT('',(0.005748871596291,0.00865234774944843,0.000422494917976774));
#2970=CARTESIAN_POINT('',(0.000753436294024693,0.0119714603131036,0.000547494917976774));
#2971=CARTESIAN_POINT('',(-0.00461871715525395,0.00930484272020702,0.000672494917976774));
#2972=CARTESIAN_POINT('',(-0.0099908706045326,0.0066382251273104,0.000797494917976774));
#2973=CARTESIAN_POINT('',(-0.010367588751545,0.000652494970758584,0.000922494917976774));
#2974=CARTESIAN_POINT('',(-0.0107443068985573,-0.00533323518579323,0.00104749491797677));
#2975=CARTESIAN_POINT('',(-0.005748871596291,-0.00865234774944843,0.00117249491797677));
#2976=CARTESIAN_POINT('',(-0.000753436294024691,-0.0119714603131036,0.00129749491797677));
#2977=CARTESIAN_POINT('',(0.00461871715525396,-0.00930484272020702,0.00142249491797677));
#2978=CARTESIAN_POINT('',(0.0099908706045326,-0.0066382251273104,0.00154749491797677));
#2979=CARTESIAN_POINT('',(0.010367588751545,-0.000652494970758585,0.00167249491797678));
#2980=CARTESIAN_POINT('',(0.0107443068985573,0.00533323518579323,0.00179749491797678));
#2981=CARTESIAN_POINT('',(0.005748871596291,0.00865234774944843,0.00192249491797678));
#2982=CARTESIAN_POINT('',(0.000753436294024693,0.0119714603131036,0.00204749491797677));
#2983=CARTESIAN_POINT('',(-0.00461871715525395,0.00930484272020702,0.00217249491797677));
#2984=CARTESIAN_POINT('',(-0.0099908706045326,0.0066382251273104,0.00229749491797677));
#2985=CARTESIAN_POINT('',(-0.010367588751545,0.000652494970758584,0.00242249491797678));
#2986=CARTESIAN_POINT('',(-0.0107443068985573,-0.00533323518579323,0.00254749491797677));
#2987=CARTESIAN_POINT('',(-0.005748871596291,-0.00865234774944843,0.00267249491797677));
#2988=CARTESIAN_POINT('',(-0.000753436294024691,-0.0119714603131036,0.00279749491797677));
#2989=CARTESIAN_POINT('',(0.00461871715525396,-0.00930484272020702,0.00292249491797678));
#2990=CARTESIAN_POINT('',(0.0099908706045326,-0.0066382251273104,0.00304749491797677));
#2991=CARTESIAN_POINT('',(0.010367588751545,-0.000652494970758585,0.00317249491797677));
#2992=CARTESIAN_POINT('',(0.0107443068985573,0.00533323518579323,0.00329749491797677));
#2993=CARTESIAN_POINT('',(0.005748871596291,0.00865234774944843,0.00342249491797678));
#2994=CARTESIAN_POINT('',(0.000753436294024693,0.0119714603131036,0.00354749491797677));
#2995=CARTESIAN_POINT('',(-0.00461871715525395,0.00930484272020702,0.00367249491797677));
#2996=CARTESIAN_POINT('',(-0.0099908706045326,0.0066382251273104,0.00379749491797677));
#2997=CARTESIAN_POINT('',(-0.010367588751545,0.000652494970758584,0.00392249491797677));
#2998=CARTESIAN_POINT('',(-0.0107443068985573,-0.00533323518579323,0.00404749491797677));
#2999=CARTESIAN_POINT('',(-0.005748871596291,-0.00865234774944843,0.00417249491797678));
#3000=CARTESIAN_POINT('',(-0.000753436294024691,-0.0119714603131036,0.00429749491797677));
#3001=CARTESIAN_POINT('',(0.00461871715525396,-0.00930484272020702,0.00442249491797677));
#3002=CARTESIAN_POINT('',(0.0099908706045326,-0.0066382251273104,0.00454749491797677));
#3003=CARTESIAN_POINT('',(0.010367588751545,-0.000652494970758585,0.00467249491797678));
#3004=CARTESIAN_POINT('',(0.0107443068985573,0.00533323518579323,0.00479749491797677));
#3005=CARTESIAN_POINT('',(0.005748871596291,0.00865234774944843,0.00492249491797677));
#3006=CARTESIAN_POINT('',(0.000753436294024693,0.0119714603131036,0.00504749491797677));
#3007=CARTESIAN_POINT('',(-0.00461871715525395,0.00930484272020702,0.00517249491797677));
#3008=CARTESIAN_POINT('',(-0.0099908706045326,0.0066382251273104,0.00529749491797678));
#3009=CARTESIAN_POINT('',(-0.010367588751545,0.000652494970758584,0.00542249491797677));
#3010=CARTESIAN_POINT('',(-0.0107443068985573,-0.00533323518579323,0.00554749491797678));
#3011=CARTESIAN_POINT('',(-0.005748871596291,-0.00865234774944843,0.00567249491797678));
#3012=CARTESIAN_POINT('',(-0.000753436294024691,-0.0119714603131036,0.00579749491797678));
#3013=CARTESIAN_POINT('',(0.00461871715525396,-0.00930484272020702,0.00592249491797678));
#3014=CARTESIAN_POINT('',(0.0099908706045326,-0.0066382251273104,0.00604749491797678));
#3015=CARTESIAN_POINT('',(0.010367588751545,-0.000652494970758585,0.00617249491797677));
#3016=CARTESIAN_POINT('',(0.010685413094062,0.00439746284671792,0.00627795318466687));
#3017=CARTESIAN_POINT('',(0.00690515029420543,0.00776089850613068,0.00639090612894331));
#3018=CARTESIAN_POINT('',(-0.0109262533674802,-0.00246109474617052,-4.29857401731313E-5));
#3019=CARTESIAN_POINT('',(-0.00993926931468695,-0.00684289997624601,5.44183884233037E-5));
#3020=CARTESIAN_POINT('',(-0.00619818393547486,-0.00932858595404584,0.000141244917976774));
#3021=CARTESIAN_POINT('',(-0.000812322323747926,-0.0129071091176791,0.000266244917976774));
#3022=CARTESIAN_POINT('',(0.00497970044985297,-0.0100320777224727,0.000391244917976774));
#3023=CARTESIAN_POINT('',(0.0107717232234539,-0.00715704632726645,0.000516244917976774));
#3024=CARTESIAN_POINT('',(0.0111778843853278,-0.000703491768426912,0.000641244917976774));
#3025=CARTESIAN_POINT('',(0.0115840455472018,0.00575006279041261,0.000766244917976774));
#3026=CARTESIAN_POINT('',(0.00619818393547486,0.00932858595404584,0.000891244917976774));
#3027=CARTESIAN_POINT('',(0.000812322323747928,0.0129071091176791,0.00101624491797677));
#3028=CARTESIAN_POINT('',(-0.00497970044985296,0.0100320777224728,0.00114124491797677));
#3029=CARTESIAN_POINT('',(-0.0107717232234539,0.00715704632726645,0.00126624491797677));
#3030=CARTESIAN_POINT('',(-0.0111778843853278,0.000703491768426911,0.00139124491797677));
#3031=CARTESIAN_POINT('',(-0.0115840455472018,-0.00575006279041262,0.00151624491797678));
#3032=CARTESIAN_POINT('',(-0.00619818393547486,-0.00932858595404584,0.00164124491797678));
#3033=CARTESIAN_POINT('',(-0.000812322323747926,-0.0129071091176791,0.00176624491797678));
#3034=CARTESIAN_POINT('',(0.00497970044985297,-0.0100320777224727,0.00189124491797678));
#3035=CARTESIAN_POINT('',(0.0107717232234539,-0.00715704632726645,0.00201624491797678));
#3036=CARTESIAN_POINT('',(0.0111778843853278,-0.000703491768426912,0.00214124491797677));
#3037=CARTESIAN_POINT('',(0.0115840455472018,0.00575006279041261,0.00226624491797678));
#3038=CARTESIAN_POINT('',(0.00619818393547486,0.00932858595404584,0.00239124491797678));
#3039=CARTESIAN_POINT('',(0.000812322323747928,0.0129071091176791,0.00251624491797678));
#3040=CARTESIAN_POINT('',(-0.00497970044985296,0.0100320777224728,0.00264124491797677));
#3041=CARTESIAN_POINT('',(-0.0107717232234539,0.00715704632726645,0.00276624491797678));
#3042=CARTESIAN_POINT('',(-0.0111778843853278,0.000703491768426911,0.00289124491797678));
#3043=CARTESIAN_POINT('',(-0.0115840455472018,-0.00575006279041262,0.00301624491797678));
#3044=CARTESIAN_POINT('',(-0.00619818393547486,-0.00932858595404584,0.00314124491797677));
#3045=CARTESIAN_POINT('',(-0.000812322323747926,-0.0129071091176791,0.00326624491797677));
#3046=CARTESIAN_POINT('',(0.00497970044985297,-0.0100320777224727,0.00339124491797678));
#3047=CARTESIAN_POINT('',(0.0107717232234539,-0.00715704632726645,0.00351624491797677));
#3048=CARTESIAN_POINT('',(0.0111778843853278,-0.000703491768426912,0.00364124491797677));
#3049=CARTESIAN_POINT('',(0.0115840455472018,0.00575006279041261,0.00376624491797677));
#3050=CARTESIAN_POINT('',(0.00619818393547486,0.00932858595404584,0.00389124491797678));
#3051=CARTESIAN_POINT('',(0.000812322323747928,0.0129071091176791,0.00401624491797677));
#3052=CARTESIAN_POINT('',(-0.00497970044985296,0.0100320777224728,0.00414124491797677));
#3053=CARTESIAN_POINT('',(-0.0107717232234539,0.00715704632726645,0.00426624491797677));
#3054=CARTESIAN_POINT('',(-0.0111778843853278,0.000703491768426911,0.00439124491797677));
#3055=CARTESIAN_POINT('',(-0.0115840455472018,-0.00575006279041262,0.00451624491797677));
#3056=CARTESIAN_POINT('',(-0.00619818393547486,-0.00932858595404584,0.00464124491797677));
#3057=CARTESIAN_POINT('',(-0.000812322323747926,-0.0129071091176791,0.00476624491797677));
#3058=CARTESIAN_POINT('',(0.00497970044985297,-0.0100320777224727,0.00489124491797677));
#3059=CARTESIAN_POINT('',(0.0107717232234539,-0.00715704632726645,0.00501624491797677));
#3060=CARTESIAN_POINT('',(0.0111778843853278,-0.000703491768426912,0.00514124491797677));
#3061=CARTESIAN_POINT('',(0.0115840455472018,0.00575006279041261,0.00526624491797677));
#3062=CARTESIAN_POINT('',(0.00619818393547486,0.00932858595404584,0.00539124491797677));
#3063=CARTESIAN_POINT('',(0.000812322323747928,0.0129071091176791,0.00551624491797677));
#3064=CARTESIAN_POINT('',(-0.00497970044985296,0.0100320777224728,0.00564124491797678));
#3065=CARTESIAN_POINT('',(-0.0107717232234539,0.00715704632726645,0.00576624491797677));
#3066=CARTESIAN_POINT('',(-0.0111778843853278,0.000703491768426911,0.00589124491797678));
#3067=CARTESIAN_POINT('',(-0.0115840455472018,-0.00575006279041262,0.00601624491797677));
#3068=CARTESIAN_POINT('',(-0.00619818393547486,-0.00932858595404584,0.00614124491797678));
#3069=CARTESIAN_POINT('',(-0.000812322323747926,-0.0129071091176791,0.00626624491797677));
#3070=CARTESIAN_POINT('',(0.00497970044985297,-0.0100320777224727,0.00639124491797678));
#3071=CARTESIAN_POINT('',(0.0107717232234539,-0.00715704632726645,0.00651624491797677));
#3072=CARTESIAN_POINT('',(0.0111778843853278,-0.000703491768426912,0.00664124491797677));
#3073=CARTESIAN_POINT('',(0.0115205488023523,0.00474115365369431,0.00674670318466686));
#3074=CARTESIAN_POINT('',(0.00744483346143902,0.00836746405617842,0.00685965612894331));
#3075=CARTESIAN_POINT('',(0.00308198088200231,-0.0107676085480004,0.00635));
#3076=CARTESIAN_POINT('',(0.0047782389080402,-0.0102145363291605,0.00635));
#3077=CARTESIAN_POINT('',(0.00786940365850268,-0.0083160541289809,0.00635));
#3078=CARTESIAN_POINT('',(0.0106470525088574,-0.00359716467860911,0.00634999999999999));
#3079=CARTESIAN_POINT('',(0.0109020882615863,0.00184829231862266,0.00635));
#3080=CARTESIAN_POINT('',(0.00929467789681773,0.00512015514758152,0.00635));
#3081=CARTESIAN_POINT('',(0.00812729250142732,0.00646991211719834,0.00635));
#3082=CARTESIAN_POINT('',(-4.33680868994202E-18,1.7347234759768E-18,-2.00000000000027E-6));
#3083=CARTESIAN_POINT('',(-0.015143784822494,-0.0047625,-2.00000000000027E-6));
#3084=CARTESIAN_POINT('',(-0.015143784822494,-0.0047625,0.00635));
#3085=CARTESIAN_POINT('',(-4.33680868994202E-18,1.7347234759768E-18,0.00635));
#3086=CARTESIAN_POINT('',(-0.015143784822494,0.0047625,0.00635));
#3087=CARTESIAN_POINT('',(-0.015143784822494,0.0047625,-2.00000000000027E-6));
#3088=CARTESIAN_POINT('',(-0.0181725417869928,-0.005715,-2.00000000000027E-6));
#3089=CARTESIAN_POINT('',(-0.0181725417869928,-0.005715,0.00635));
#3090=CARTESIAN_POINT('',(-0.0181725417869928,-0.00889,0.00635));
#3091=CARTESIAN_POINT('',(-0.0181725417869928,-0.00889,0.));
#3092=CARTESIAN_POINT('',(-0.0181725417869928,0.005715,-2.00000000000027E-6));
#3093=CARTESIAN_POINT('',(-0.0181725417869928,0.005715,0.00635));
#3094=CARTESIAN_POINT('',(-0.0181725417869928,0.00889,0.00635));
#3095=CARTESIAN_POINT('',(-0.0181725417869928,0.00889,-2.00000000000027E-6));
#3096=CARTESIAN_POINT('',(-0.005715,0.0181725417869928,-2.00000000000027E-6));
#3097=CARTESIAN_POINT('',(-0.005715,0.0181725417869928,0.00635));
#3098=CARTESIAN_POINT('',(-0.00889,0.0181725417869928,0.00635));
#3099=CARTESIAN_POINT('',(-0.00889,0.0181725417869928,0.));
#3100=CARTESIAN_POINT('',(0.005715,0.0181725417869928,-2.00000000000027E-6));
#3101=CARTESIAN_POINT('',(0.005715,0.0181725417869928,0.00635));
#3102=CARTESIAN_POINT('',(0.00889,0.0181725417869928,0.00635));
#3103=CARTESIAN_POINT('',(0.00889,0.0181725417869928,-2.00000000000027E-6));
#3104=CARTESIAN_POINT('',(0.0181725417869928,0.005715,-2.00000000000027E-6));
#3105=CARTESIAN_POINT('',(0.0181725417869928,0.005715,0.00635));
#3106=CARTESIAN_POINT('',(0.0181725417869928,0.00889,0.00635));
#3107=CARTESIAN_POINT('',(0.0181725417869928,0.00889,0.));
#3108=CARTESIAN_POINT('',(0.0181725417869928,-0.005715,-2.00000000000027E-6));
#3109=CARTESIAN_POINT('',(0.0181725417869928,-0.005715,0.00635));
#3110=CARTESIAN_POINT('',(0.0181725417869928,-0.00889,0.00635));
#3111=CARTESIAN_POINT('',(0.0181725417869928,-0.00889,-2.00000000000027E-6));
#3112=CARTESIAN_POINT('',(0.005715,-0.0181725417869928,-2.00000000000027E-6));
#3113=CARTESIAN_POINT('',(0.005715,-0.0181725417869928,0.00635));
#3114=CARTESIAN_POINT('',(0.00889,-0.0181725417869928,0.00635));
#3115=CARTESIAN_POINT('',(0.00889,-0.0181725417869928,0.));
#3116=CARTESIAN_POINT('',(-0.005715,-0.0181725417869928,-2.00000000000027E-6));
#3117=CARTESIAN_POINT('',(-0.005715,-0.0181725417869928,0.00635));
#3118=CARTESIAN_POINT('',(-0.00889,-0.0181725417869928,0.00635));
#3119=CARTESIAN_POINT('',(-0.00889,-0.0181725417869928,-2.00000000000027E-6));
#3120=CARTESIAN_POINT('',(-0.00889,-0.018811244099942,-2.00000000000027E-6));
#3121=CARTESIAN_POINT('',(-0.00889,-2.70467202991449E-19,0.00635));
#3122=CARTESIAN_POINT('',(-0.00889,-0.0187128597405946,0.00635));
#3123=CARTESIAN_POINT('',(-0.00889,-0.0187128597405946,0.00635000000000002));
#3124=CARTESIAN_POINT('',(-0.00889,-0.0201975494986627,0.00697534104833664));
#3125=CARTESIAN_POINT('',(-0.00889,-0.0216774074478531,0.00761197312698546));
#3126=CARTESIAN_POINT('',(-0.00889,-0.0231545288510124,0.008255));
#3127=CARTESIAN_POINT('',(-0.00889,-0.0231545288510124,0.008255));
#3128=CARTESIAN_POINT('',(-0.00889,-0.018811244099942,0.008255));
#3129=CARTESIAN_POINT('',(-0.00889,-0.0244701680623571,0.008255));
#3130=CARTESIAN_POINT('',(-0.00889,-0.0244701680623571,-2.00000000000027E-6));
#3131=CARTESIAN_POINT('',(-0.00889,-0.0244701680623571,0.003175));
#3132=CARTESIAN_POINT('',(-0.00889,-0.0244701680623571,0.003175));
#3133=CARTESIAN_POINT('',(-0.00889,-0.0248077575298554,0.00262542257358332));
#3134=CARTESIAN_POINT('',(-0.00889,-0.0251447561084679,0.00207548302279788));
#3135=CARTESIAN_POINT('',(-0.00889,-0.0254812294885863,0.00152522160579064));
#3136=CARTESIAN_POINT('',(-0.00889,-0.0254812294885863,0.00152522160579064));
#3137=CARTESIAN_POINT('',(-0.00889,-0.0254812294885863,0.001397));
#3138=CARTESIAN_POINT('',(-1.73472347597681E-18,2.60208521396521E-17,-2.00000000000027E-6));
#3139=CARTESIAN_POINT('',(0.00889,-0.0244701680623571,-2.00000000000027E-6));
#3140=CARTESIAN_POINT('',(0.00889,-0.0244701680623571,0.003175));
#3141=CARTESIAN_POINT('',(0.00889,-0.0244701680623571,0.008255));
#3142=CARTESIAN_POINT('',(-1.73472347597681E-18,2.60208521396521E-17,0.003175));
#3143=CARTESIAN_POINT('',(-1.73472347597681E-18,2.60208521396521E-17,0.008255));
#3144=CARTESIAN_POINT('',(0.00889,-0.018811244099942,-2.00000000000027E-6));
#3145=CARTESIAN_POINT('',(0.00889,-0.018811244099942,0.00635));
#3146=CARTESIAN_POINT('',(0.00889,-0.0254812294885863,0.001397));
#3147=CARTESIAN_POINT('',(0.00889,-0.0254812294885863,0.00152522160579064));
#3148=CARTESIAN_POINT('',(0.00889,-0.0254812294885863,0.00152522160579064));
#3149=CARTESIAN_POINT('',(0.00889,-0.0251447561084679,0.00207548302279788));
#3150=CARTESIAN_POINT('',(0.00889,-0.0248077575298554,0.00262542257358332));
#3151=CARTESIAN_POINT('',(0.00889,-0.0244701680623571,0.003175));
#3152=CARTESIAN_POINT('',(0.00889,-0.018811244099942,0.008255));
#3153=CARTESIAN_POINT('',(0.018811244099942,-0.00889,-2.00000000000027E-6));
#3154=CARTESIAN_POINT('',(-2.73888299229549E-19,-0.00889,0.00635));
#3155=CARTESIAN_POINT('',(0.0187128597405946,-0.00889,0.00635));
#3156=CARTESIAN_POINT('',(0.0187128597405946,-0.00889,0.00635000000000002));
#3157=CARTESIAN_POINT('',(0.0201975494986627,-0.00889,0.00697534104833665));
#3158=CARTESIAN_POINT('',(0.0216774074478531,-0.00889,0.00761197312698546));
#3159=CARTESIAN_POINT('',(0.0231545288510125,-0.00889,0.008255));
#3160=CARTESIAN_POINT('',(0.0231545288510125,-0.00889,0.008255));
#3161=CARTESIAN_POINT('',(0.018811244099942,-0.00889,0.008255));
#3162=CARTESIAN_POINT('',(0.0244701680623571,-0.00889,0.008255));
#3163=CARTESIAN_POINT('',(0.0244701680623571,-0.00889,-2.00000000000027E-6));
#3164=CARTESIAN_POINT('',(0.0244701680623571,-0.00889,0.003175));
#3165=CARTESIAN_POINT('',(0.0244701680623571,-0.00889,0.003175));
#3166=CARTESIAN_POINT('',(0.0248077575298554,-0.00889,0.00262542257358332));
#3167=CARTESIAN_POINT('',(0.0251447561084679,-0.00889,0.00207548302279788));
#3168=CARTESIAN_POINT('',(0.0254812294885863,-0.00889,0.00152522160579064));
#3169=CARTESIAN_POINT('',(0.0254812294885863,-0.00889,0.00152522160579064));
#3170=CARTESIAN_POINT('',(0.0254812294885863,-0.00889,0.001397));
#3171=CARTESIAN_POINT('',(-2.60208521396521E-17,-1.73472347597681E-18,-2.00000000000027E-6));
#3172=CARTESIAN_POINT('',(0.0244701680623571,0.00889,-2.00000000000027E-6));
#3173=CARTESIAN_POINT('',(0.0244701680623571,0.00889,0.003175));
#3174=CARTESIAN_POINT('',(0.0244701680623571,0.00889,0.008255));
#3175=CARTESIAN_POINT('',(-2.60208521396521E-17,-1.73472347597681E-18,0.003175));
#3176=CARTESIAN_POINT('',(-2.60208521396521E-17,-1.73472347597681E-18,0.008255));
#3177=CARTESIAN_POINT('',(0.018811244099942,0.00889,-2.00000000000027E-6));
#3178=CARTESIAN_POINT('',(0.018811244099942,0.00889,0.00635));
#3179=CARTESIAN_POINT('',(0.0254812294885863,0.00889,0.001397));
#3180=CARTESIAN_POINT('',(0.0254812294885863,0.00889,0.00152522160579064));
#3181=CARTESIAN_POINT('',(0.0254812294885863,0.00889,0.00152522160579064));
#3182=CARTESIAN_POINT('',(0.0251447561084679,0.00889,0.00207548302279788));
#3183=CARTESIAN_POINT('',(0.0248077575298554,0.00889,0.00262542257358332));
#3184=CARTESIAN_POINT('',(0.0244701680623571,0.00889,0.003175));
#3185=CARTESIAN_POINT('',(0.018811244099942,0.00889,0.008255));
#3186=CARTESIAN_POINT('',(0.00889,0.018811244099942,-2.00000000000027E-6));
#3187=CARTESIAN_POINT('',(0.00889,-8.18243801450547E-19,0.00635));
#3188=CARTESIAN_POINT('',(0.00889,0.0187128597405946,0.00635));
#3189=CARTESIAN_POINT('',(0.00889,0.0187128597405946,0.00635000000000002));
#3190=CARTESIAN_POINT('',(0.00889,0.0201975494986627,0.00697534104833665));
#3191=CARTESIAN_POINT('',(0.00889,0.0216774074478531,0.00761197312698546));
#3192=CARTESIAN_POINT('',(0.00889,0.0231545288510125,0.008255));
#3193=CARTESIAN_POINT('',(0.00889,0.0231545288510125,0.008255));
#3194=CARTESIAN_POINT('',(0.00889,0.018811244099942,0.008255));
#3195=CARTESIAN_POINT('',(0.00889,0.0244701680623571,0.008255));
#3196=CARTESIAN_POINT('',(0.00889,0.0244701680623571,-2.00000000000027E-6));
#3197=CARTESIAN_POINT('',(0.00889,0.0244701680623571,0.003175));
#3198=CARTESIAN_POINT('',(0.00889,0.0244701680623571,0.003175));
#3199=CARTESIAN_POINT('',(0.00889,0.0248077575298554,0.00262542257358332));
#3200=CARTESIAN_POINT('',(0.00889,0.0251447561084679,0.00207548302279788));
#3201=CARTESIAN_POINT('',(0.00889,0.0254812294885863,0.00152522160579064));
#3202=CARTESIAN_POINT('',(0.00889,0.0254812294885863,0.00152522160579063));
#3203=CARTESIAN_POINT('',(0.00889,0.0254812294885863,0.001397));
#3204=CARTESIAN_POINT('',(1.73472347597681E-18,-2.60208521396521E-17,-2.00000000000027E-6));
#3205=CARTESIAN_POINT('',(-0.00889,0.0244701680623571,-2.00000000000027E-6));
#3206=CARTESIAN_POINT('',(-0.00889,0.0244701680623571,0.003175));
#3207=CARTESIAN_POINT('',(-0.00889,0.0244701680623571,0.008255));
#3208=CARTESIAN_POINT('',(1.73472347597681E-18,-2.60208521396521E-17,0.003175));
#3209=CARTESIAN_POINT('',(1.73472347597681E-18,-2.60208521396521E-17,0.008255));
#3210=CARTESIAN_POINT('',(-0.00889,0.018811244099942,-2.00000000000027E-6));
#3211=CARTESIAN_POINT('',(-0.00889,0.018811244099942,0.00635));
#3212=CARTESIAN_POINT('',(-0.00889,0.0254812294885863,0.001397));
#3213=CARTESIAN_POINT('',(-0.00889,0.0254812294885863,0.00152522160579064));
#3214=CARTESIAN_POINT('',(-0.00889,0.0254812294885863,0.00152522160579064));
#3215=CARTESIAN_POINT('',(-0.00889,0.0251447561084679,0.00207548302279788));
#3216=CARTESIAN_POINT('',(-0.00889,0.0248077575298554,0.00262542257358332));
#3217=CARTESIAN_POINT('',(-0.00889,0.0244701680623571,0.003175));
#3218=CARTESIAN_POINT('',(-0.00889,0.018811244099942,0.008255));
#3219=CARTESIAN_POINT('',(0.,1.94412679364642E-18,0.012065));
#3220=CARTESIAN_POINT('',(0.,1.94412679364642E-18,0.009779));
#3221=CARTESIAN_POINT('',(0.03175,1.94412679364642E-18,0.009779));
#3222=CARTESIAN_POINT('',(0.,0.,0.012065));
#3223=CARTESIAN_POINT('',(0.,1.94412679364642E-18,0.012065));
#3224=CARTESIAN_POINT('',(0.0277905318538976,1.94412679364642E-18,0.012065));
#3225=CARTESIAN_POINT('',(0.,1.67972554971051E-18,0.012065));
#3226=CARTESIAN_POINT('',(0.027432,1.67972554971051E-18,0.012065));
#3227=CARTESIAN_POINT('',(0.,1.67972554971051E-18,0.008255));
#3228=CARTESIAN_POINT('',(0.,1.67972554971051E-18,0.008255));
#3229=CARTESIAN_POINT('',(0.027432,1.67972554971051E-18,0.008255));
#3230=CARTESIAN_POINT('',(0.,0.,0.008255));
#3231=CARTESIAN_POINT('',(0.,1.23876122390403E-18,0.008255));
#3232=CARTESIAN_POINT('',(0.,1.23876122390403E-18,0.008255));
#3233=CARTESIAN_POINT('',(0.0180084510601994,-0.0170546180468743,0.008255));
#3234=CARTESIAN_POINT('',(2.77555756156289E-16,-2.25514051876985E-16,0.008255));
#3235=CARTESIAN_POINT('',(0.,1.23876122390403E-18,0.008255));
#3236=CARTESIAN_POINT('',(-0.018811244099942,-0.00889,0.008255));
#3237=CARTESIAN_POINT('',(-0.0244701680623571,-0.00889,0.008255));
#3238=CARTESIAN_POINT('',(2.60208521396521E-17,1.7347234759768E-18,0.008255));
#3239=CARTESIAN_POINT('',(-0.0244701680623571,0.00889,0.008255));
#3240=CARTESIAN_POINT('',(-0.018811244099942,0.00889,0.008255));
#3241=CARTESIAN_POINT('',(-0.0231545288510125,0.00889,0.008255));
#3242=CARTESIAN_POINT('',(0.,1.23876122390403E-18,0.008255));
#3243=CARTESIAN_POINT('',(-0.018811244099942,-0.00889,-2.00000000000027E-6));
#3244=CARTESIAN_POINT('',(-0.018811244099942,-0.00889,0.00635));
#3245=CARTESIAN_POINT('',(-0.0254812294885863,-0.00889,0.001397));
#3246=CARTESIAN_POINT('',(-0.0254812294885863,-0.00889,0.00152522160579063));
#3247=CARTESIAN_POINT('',(-0.0254812294885863,-0.00889,0.00152522160579064));
#3248=CARTESIAN_POINT('',(-0.0251447561084679,-0.00889,0.00207548302279788));
#3249=CARTESIAN_POINT('',(-0.0248077575298554,-0.00889,0.00262542257358332));
#3250=CARTESIAN_POINT('',(-0.0244701680623571,-0.00889,0.003175));
#3251=CARTESIAN_POINT('',(-0.0244701680623571,-0.00889,0.003175));
#3252=CARTESIAN_POINT('',(-0.0244701680623571,-0.00889,-2.00000000000027E-6));
#3253=CARTESIAN_POINT('',(2.60208521396521E-17,1.7347234759768E-18,-2.00000000000027E-6));
#3254=CARTESIAN_POINT('',(2.60208521396521E-17,1.7347234759768E-18,0.003175));
#3255=CARTESIAN_POINT('',(-0.0244701680623571,0.00889,0.003175));
#3256=CARTESIAN_POINT('',(-0.0244701680623571,0.00889,-2.00000000000027E-6));
#3257=CARTESIAN_POINT('',(-0.018811244099942,0.00889,-2.00000000000027E-6));
#3258=CARTESIAN_POINT('',(1.36259930367154E-18,0.00889,0.00635));
#3259=CARTESIAN_POINT('',(-0.0187128597405946,0.00889,0.00635));
#3260=CARTESIAN_POINT('',(-0.0187128597405946,0.00889,0.00635000000000002));
#3261=CARTESIAN_POINT('',(-0.0201975494986627,0.00889,0.00697534104833665));
#3262=CARTESIAN_POINT('',(-0.0216774074478531,0.00889,0.00761197312698546));
#3263=CARTESIAN_POINT('',(-0.0231545288510125,0.00889,0.008255));
#3264=CARTESIAN_POINT('',(-0.0244701680623571,0.00889,0.003175));
#3265=CARTESIAN_POINT('',(-0.0248077575298554,0.00889,0.00262542257358332));
#3266=CARTESIAN_POINT('',(-0.0251447561084679,0.00889,0.00207548302279788));
#3267=CARTESIAN_POINT('',(-0.0254812294885863,0.00889,0.00152522160579064));
#3268=CARTESIAN_POINT('',(-0.0254812294885863,0.00889,0.00152522160579064));
#3269=CARTESIAN_POINT('',(-0.0254812294885863,0.00889,0.001397));
#3270=CARTESIAN_POINT('',(6.07153216591882E-18,-1.04083408558608E-17,0.001397));
#3271=CARTESIAN_POINT('',(1.73472347597681E-18,-2.60208521396521E-17,0.00152522160579067));
#3272=CARTESIAN_POINT('',(-1.90819582357449E-17,2.60208521396521E-18,0.001397));
#3273=CARTESIAN_POINT('',(-2.60208521396521E-17,-1.73472347597681E-18,0.00152522160579066));
#3274=CARTESIAN_POINT('',(-4.33680868994202E-18,5.20417042793042E-18,0.001397));
#3275=CARTESIAN_POINT('',(-1.73472347597681E-18,2.60208521396521E-17,0.00152522160579068));
#3276=CARTESIAN_POINT('',(1.04083408558608E-17,-2.60208521396521E-18,0.001397));
#3277=CARTESIAN_POINT('',(2.60208521396521E-17,1.7347234759768E-18,0.00152522160579067));
#3278=CARTESIAN_POINT('',(-1.73472347597681E-18,2.60208521396521E-17,0.003175));
#3279=CARTESIAN_POINT('',(-2.60208521396521E-17,-1.73472347597681E-18,0.003175));
#3280=CARTESIAN_POINT('',(1.73472347597681E-18,-2.60208521396521E-17,0.003175));
#3281=CARTESIAN_POINT('',(2.60208521396521E-17,1.7347234759768E-18,0.003175));
#3282=CARTESIAN_POINT('',(0.,0.,0.00635));
#3283=CARTESIAN_POINT('',(0.010920198581773,0.0115223646850221,0.00635));
#3284=CARTESIAN_POINT('',(0.00899649816168066,0.00899649816168068,0.00635));
#3285=CARTESIAN_POINT('',(0.011522364685022,0.010920198581773,0.00635));
#3286=CARTESIAN_POINT('',(0.,1.23876122390403E-18,0.00635));
#3287=CARTESIAN_POINT('',(-0.0115223646850221,0.010920198581773,0.00635));
#3288=CARTESIAN_POINT('',(-0.00899649816168068,0.00899649816168066,0.00635));
#3289=CARTESIAN_POINT('',(-0.010920198581773,0.011522364685022,0.00635));
#3290=CARTESIAN_POINT('',(0.,1.23876122390403E-18,0.00635));
#3291=CARTESIAN_POINT('',(-0.010920198581773,-0.0115223646850221,0.00635));
#3292=CARTESIAN_POINT('',(-0.00899649816168065,-0.00899649816168069,0.00635));
#3293=CARTESIAN_POINT('',(-0.011522364685022,-0.010920198581773,0.00635));
#3294=CARTESIAN_POINT('',(0.,1.23876122390403E-18,0.00635));
#3295=CARTESIAN_POINT('',(0.,0.,0.00635));
#3296=CARTESIAN_POINT('',(0.00892155694440451,-0.0127413037671875,0.00635));
#3297=CARTESIAN_POINT('',(0.0115223646850221,-0.010920198581773,0.00635));
#3298=CARTESIAN_POINT('',(0.00899649816168069,-0.00899649816168066,0.00635));
#3299=CARTESIAN_POINT('',(0.010920198581773,-0.011522364685022,0.00635));
#3300=CARTESIAN_POINT('',(0.0127413037671876,-0.00892155694440449,0.00635));
#3301=CARTESIAN_POINT('',(0.,0.,0.00635));
#3302=CARTESIAN_POINT('',(0.0169705534143547,-0.0118829094283217,0.00635));
#3303=CARTESIAN_POINT('',(0.,1.23876122390403E-18,0.00635));
#3304=CARTESIAN_POINT('',(0.,1.23876122390403E-18,0.00612304138691535));
#3305=CARTESIAN_POINT('',(-9.94996509405276E-19,-1.82241057718477E-19,-0.00331059851210021));
#3306=CARTESIAN_POINT('',(0.0175242717714122,-0.0122706271959784,0.00666520779586287));
#3307=CARTESIAN_POINT('',(0.0175242717714122,-0.0122706271959784,0.00666520779586287));
#3308=CARTESIAN_POINT('',(0.0182397060772814,-0.0127715796900419,0.00707247345314776));
#3309=CARTESIAN_POINT('',(0.0192479130264588,-0.0143693309503048,0.00787644681737385));
#3310=CARTESIAN_POINT('',(0.0186730470747708,-0.0163528524154003,0.008255));
#3311=CARTESIAN_POINT('',(0.0180084510601994,-0.0170546180468743,0.008255));
#3312=CARTESIAN_POINT('',(0.,1.23876122390403E-18,0.00612304138691535));
#3313=CARTESIAN_POINT('',(0.0122706271959784,0.0175242717714122,0.00666520779586287));
#3314=CARTESIAN_POINT('',(0.0127715796900419,0.0182397060772815,0.00707247345314776));
#3315=CARTESIAN_POINT('',(0.0143693309503048,0.0192479130264588,0.00787644681737385));
#3316=CARTESIAN_POINT('',(0.0163528524154003,0.0186730470747708,0.008255));
#3317=CARTESIAN_POINT('',(0.0170546180468743,0.0180084510601994,0.008255));
#3318=CARTESIAN_POINT('',(0.,1.23876122390403E-18,0.00612304138691535));
#3319=CARTESIAN_POINT('',(-0.0122706271959784,-0.0175242717714122,0.00666520779586287));
#3320=CARTESIAN_POINT('',(-0.0127715796900419,-0.0182397060772814,0.00707247345314776));
#3321=CARTESIAN_POINT('',(-0.0143693309503048,-0.0192479130264588,0.00787644681737385));
#3322=CARTESIAN_POINT('',(-0.0163528524154003,-0.0186730470747708,0.008255));
#3323=CARTESIAN_POINT('',(-0.0170546180468743,-0.0180084510601994,0.008255));
#3324=CARTESIAN_POINT('',(0.,1.23876122390403E-18,0.00612304138691535));
#3325=CARTESIAN_POINT('',(-0.0175242717714122,0.0122706271959784,0.00666520779586287));
#3326=CARTESIAN_POINT('',(-0.0182397060772815,0.0127715796900419,0.00707247345314776));
#3327=CARTESIAN_POINT('',(-0.0192479130264588,0.0143693309503048,0.00787644681737384));
#3328=CARTESIAN_POINT('',(-0.0186730470747708,0.0163528524154003,0.008255));
#3329=CARTESIAN_POINT('',(-0.0180084510601994,0.0170546180468743,0.008255));
#3330=CARTESIAN_POINT('',(0.0153601272480133,-0.0107552768869192,0.008257));
#3331=CARTESIAN_POINT('',(0.0175242717714122,-0.0122706271959784,0.008255));
#3332=CARTESIAN_POINT('',(0.0127413037671876,-0.00892155694440449,0.008257));
#3333=CARTESIAN_POINT('',(2.77555756156289E-16,-2.25514051876985E-16,0.008257));
#3334=CARTESIAN_POINT('',(0.0170546180468743,-0.0180084510601994,0.008257));
#3335=CARTESIAN_POINT('',(0.0180084510601994,-0.0170546180468743,0.008257));
#3336=CARTESIAN_POINT('',(0.0107552768869192,-0.0153601272480133,0.008257));
#3337=CARTESIAN_POINT('',(0.0122706271959785,-0.0175242717714122,0.008257));
#3338=CARTESIAN_POINT('',(0.00892155694440451,-0.0127413037671875,0.00635));
#3339=CARTESIAN_POINT('',(0.014871434936596,-0.0157031665859977,0.008257));
#3340=CARTESIAN_POINT('',(0.0157031665859977,-0.014871434936596,0.008257));
#3341=CARTESIAN_POINT('',(0.0115223646850221,-0.010920198581773,0.008257));
#3342=CARTESIAN_POINT('',(0.00899649816168069,-0.00899649816168066,0.003175));
#3343=CARTESIAN_POINT('',(0.010920198581773,-0.011522364685022,0.008257));
#3344=CARTESIAN_POINT('',(0.010920198581773,0.0115223646850221,0.008257));
#3345=CARTESIAN_POINT('',(0.00899649816168066,0.00899649816168068,0.003175));
#3346=CARTESIAN_POINT('',(0.011522364685022,0.010920198581773,0.008257));
#3347=CARTESIAN_POINT('',(0.0157031665859977,0.014871434936596,0.008257));
#3348=CARTESIAN_POINT('',(0.014871434936596,0.0157031665859977,0.008257));
#3349=CARTESIAN_POINT('',(-0.014871434936596,0.0157031665859977,0.008257));
#3350=CARTESIAN_POINT('',(-0.010920198581773,0.011522364685022,0.008257));
#3351=CARTESIAN_POINT('',(-0.00899649816168068,0.00899649816168066,0.003175));
#3352=CARTESIAN_POINT('',(-0.0115223646850221,0.010920198581773,0.008257));
#3353=CARTESIAN_POINT('',(-0.0157031665859977,0.014871434936596,0.008257));
#3354=CARTESIAN_POINT('',(-0.014871434936596,-0.0157031665859977,0.008257));
#3355=CARTESIAN_POINT('',(-0.0157031665859977,-0.014871434936596,0.008257));
#3356=CARTESIAN_POINT('',(-0.011522364685022,-0.010920198581773,0.008257));
#3357=CARTESIAN_POINT('',(-0.00899649816168065,-0.00899649816168069,0.003175));
#3358=CARTESIAN_POINT('',(-0.010920198581773,-0.0115223646850221,0.008257));
#3359=CARTESIAN_POINT('',(0.,1.94412679364642E-18,0.012065));
#3360=MECHANICAL_DESIGN_GEOMETRIC_PRESENTATION_REPRESENTATION('',(#1572),
#3361);
#3361=(
GEOMETRIC_REPRESENTATION_CONTEXT(3)
GLOBAL_UNCERTAINTY_ASSIGNED_CONTEXT((#3362))
GLOBAL_UNIT_ASSIGNED_CONTEXT((#3365,#3364,#3363))
REPRESENTATION_CONTEXT('Part 1','TOP_LEVEL_ASSEMBLY_PART')
);
#3362=UNCERTAINTY_MEASURE_WITH_UNIT(LENGTH_MEASURE(2.E-5),#3365,
'DISTANCE_ACCURACY_VALUE','Maximum Tolerance applied to model');
#3363=(
NAMED_UNIT(*)
SI_UNIT($,.STERADIAN.)
SOLID_ANGLE_UNIT()
);
#3364=(
NAMED_UNIT(*)
PLANE_ANGLE_UNIT()
SI_UNIT($,.RADIAN.)
);
#3365=(
LENGTH_UNIT()
NAMED_UNIT(*)
SI_UNIT($,.METRE.)
);
#3366=PRODUCT_DEFINITION_SHAPE('','',#3367);
#3367=PRODUCT_DEFINITION('','',#3369,#3368);
#3368=PRODUCT_DEFINITION_CONTEXT('',#3375,'design');
#3369=PRODUCT_DEFINITION_FORMATION_WITH_SPECIFIED_SOURCE('','',#3371,
 .NOT_KNOWN.);
#3370=PRODUCT_RELATED_PRODUCT_CATEGORY('','',(#3371));
#3371=PRODUCT('Part 1','Part 1','Part 1',(#3373));
#3372=PRODUCT_CATEGORY('','');
#3373=PRODUCT_CONTEXT('',#3375,'mechanical');
#3374=APPLICATION_PROTOCOL_DEFINITION('international standard',
'ap242_managed_model_based_3d_engineering',2011,#3375);
#3375=APPLICATION_CONTEXT('managed model based 3d engineering');
ENDSEC;
END-ISO-10303-21;
